before,after
*/*,
90 S LIGHT DIRTY BLU,ブルー
ANTHRACITE,グレー
ARG OX NOIR CRYSTAL,
ARG. OX/BLEU,
ARGENT OR,
ARGENT OXIDE/CREME,
ARGENT OXYDE CRYSTAL,
ARGENT OXYDE NOIR,
ARGENT OXYDE/NOIR,
BANDANA RED NERO,レッド・ブラック
BEIGE,ベージュ
BEIGE BLACK,ベージュ・ブラック
BEIGE OR,
BEIGE VIEILLI NOIR R,
BEIGE/BLACK,ベージュ・ブラック
BEIGE/BROWN/BLUE,
BL OP RO EROS OUTREM,
BLACK,ブラック
BLACK 3 MONTHS USED,ブラック
BLACK BLACK GREY,ブラック・グレー
BLACK IVORY,ブラック
BLACK RINSE,ブラック
BLACK SILVER,ブラック・シルバー
BLACK/BLUE,
BLACK/OFF WHITE,
BLACK/PURPLE,
BLACK/WHITE,
BLANC OPTIQUE,
BLEU CIEL NOIR,ブルー・ブラック
BLOOD,
BLUE/GREEN,
BLUE/MULTI,
BLUSH,
BORDEAUX,
BORDEAUX DELAVE BORD,
BRICK,
BRONZE,
BROWN,ブラウン
BROWN/BLACK,
BURGUNDY,
CAMEL,
CAMO,
CAMOUFLAGE,
CARAMEL LEOPARD PRIN,
CARAMEL LEOPARD PRINT,
CHARCOAL,グレー
COFFEE/BLACK,ブラウン・ブラック
CORAL,
CORDOVAN,
CRAIE,
CREAM,
CREMASOFT ORO,ゴールド
CRYSTAL,
DARK,
DARK BROWN,ブラウン
DARK GREEN,グリーン
DARK GREY,グレー
DEEP VINTAGE BLUE,ブルー
DIRTY ECRU JAUNE MAR,
DIRTY ECRU MULTICOLO,マルチカラー
DIRTY ECRU NOIR ROSE,
DIRTY GREEN BLUE,ブルー
DIRTY LIGHT BLACK,ブラック
DIRTY LIGHT GREY,グレー
DIRTY LIGHT USED BLU,ブルー
DIRTY SUNRISE BLUE,ブルー
DIRTY VINTAGE BLUE,ブルー
DK NOTTE,
DKNOTTE EBONY,
DNA,
DORE NOIR BL RG CRY,
DORE NOIR VER FUS CR,
DORE SATINE NOIR,
DOVE,
DTY DK VINATGE BLUE,ブルー
DUST,
ECRU,
ESPRESSO,
FAUVE,
FUCHSIA,ピンク
FUSCHIA NOIR,
GLIT ROSE,レッド
GLITTER MIDNIGHT,
GOLD,ゴールド
ARMY GREEN,グリーン
GREEN,グリーン
GREY,グレー
GREY/MULTI,
GREY/RED,
GRIS CHINE NOIR VERT,
GRIS D,グレー
GRIS DELAVE ARGENT,グレー・シルバー
GRIS DELAVE MULTICOL,グレー・マルチカラー
GUNMETAL,
HEATHER,
HUSTLER,
INDIGO BLUE,ブルー
IVOIRE ROUGE,
IVORY,
JASMINE GREEN NE NE,グリーン
KHAKI,
LAND,
LEOPARD,
LIGHT,
LIGHT BLUE,ブルー
LIGHT BROWN,ブラウン
LIGHT GREEN,グリーン
LIGHT GREY,グレー
LIGHT IVORY,
LIGHT TOURMARIN,
LIGHT USED GREY,グレー
LILAC,
LINO BIANCO NE NAT N,
LINO BIANCO NERO NER,ブラック・ホワイト
MAHOGANY,
MANDARIN,
MANTO NATURALE,
MELON,
METAL BLEU ROY,ブルー
METAL BLUSH,
METALLIC,
MILITAIRE,
MILITARY,
MILITARY GREEN,グリーン
MIMOSA SHINY,
MORDORE VERT OR,
MUD,
MULTI,
Multicoloured,マルチカラー
MULTICOLOUR,マルチカラー
MUSTARD,
NATURAL,
NATUREL BORDEAUX MUL,
NATUREL GRIS,グレー
NATUREL GRIS CHINE M,
NATUREL MARINE NOIR,ブルー・ブラック
NATUREL MULTICOLORE,マルチカラー
NATUREL NOIR,ブラック
NATUREL NOIR MULTICO,ブラック・マルチカラー
NAVY,ネイビー
NE PAR FOG NE PA FOG,
NEON,
NERO,ブラック
NERO MULTICOLOR,ブラック・マルチカラー
NERO NERO,ブラック
NERO VIEILLI/MULTI,
NERO/ARGENTO,ブラック・シルバー
NEROGLIT OR,
NOIR,ブラック
NOIR   OR,
NOIR ARGENT,ブラック・シルバー
NOIR BRILLANT,ブラック
NOIR CRAIE,ブラック
NOIR D?LAV? ARGENT,
NOIR DELAVE BEIGE,ブラック・ベージュ
NOIR DELAVE BLANC RO,
NOIR DOREE,ブラック
NOIR ECRU BLANC,ブラック・ホワイト
NOIR LUREX ARGENT,
NOIR MULTI,ブラック・マルチカラー
NOIR MULTICO,ブラック・マルチカラー
NOIR MULTICOLOR,ブラック・マルチカラー
NOIR MULTICOLORE,ブラック・マルチカラー
NOIR NATUREL,ブラック
NOIR NOIR BRILLANT,ブラック
NOIR OFF WHITE,
NOIR OR,
NOIR OR ARGENT,
NOIR POLYCHROME,ブラック
NOIR ROSE GLOSS,ブラック
NOIR ROUGE,ブラック・レッド
NOIR ROUGE CRAIE,レッド・ブラック
NOIR VANILLE,
NOIR/BLANC,ブラック・ホワイト
NOISETTE,
NORTH SEA FONCE,
NUDE,
OFF WHITE,
OFF WHITE/NOIR/GRIS,
OFF 白,
Off-白,
OLIVE,
OR ARGENT,
ORANGE,オレンジ
PALLADIUM NOIR CRYST,
PALLADIUM/CRYSTAL,
PEACH,ピンク
PEARL,
PETROL,
PINK,ピンク
PLATINO,
PLATINUM,
POUDRE,
PURPLE,パープル
RED,レッド
RED IVORY,レッド
RED RED GREY,レッド・グレー
RED/MULTI,
ROSE,
ROSE ANTIQUE,レッド
ROSE CLAIR/NATUREL,
ROSE NOIR CRAIE,
ROSE PALE,レッド
ROSE SABLE NOIR,
ROUGE   EROS,レッド
ROUGE BRIQUE DELAVE,レッド
ROUGE CARMIN NOIR,レッド・ブラック
ROUGE EROS,レッド
ROUGE NOIR BLANC,
ROUGE VERMILLON,レッド
ROYAL,
RUSTY BLUE,ブルー
RUTH NOIR VER FU CRY,
SAND,ベージュ
SEMIMATTE BLACK SMOK,ブラック
SHINY BLACK GREY,グレー
SHINY IVORY GREY,グレー
SHY IVORY BLACK GREY,
SIENNA/BLACK,
SILVER,シルバー
SILVER LAMINA,シルバー
SILVER SILVER SILVER,シルバー
SKY,
SKY BLUE,ブルー
SOFT,
STRAWBERRY,
TAN,
TAUPE,
TMORO,
Tonal,
TOPE,
TURQUOISE,
ULTRA GREY,グレー
USED 70 S BLUE,ブルー
USED 70S BLUE,ブルー
USED BLACK,ブラック
USED DARK BLACK,ブラック
USED MEDIUM BLUE,ブルー
VIOLET,
WHITE,ホワイト
WORN BLACK,ブラック
YELLOW,イエロー
マルチカラーcolour,
マルチカラーcolouレッド,
BLUE,ブルー
