brand,price_pro_formula,price_ref_formula,duty,price_target_formula,discount,set_val,postage,exchange_rate
SAINT LAURENT,"ROUNDUP(AU_,-2)","FLOOR(AT_/1.2/120*1.22,5)*130","ROUNDDOWN(ROUNDDOWN(AE_*1.22/124.066,0),-2)",(AT_*BC_*(100%-AW_)+BC_*AY_)/(100%-5.5%-AX_),0.25,0.09,0,1
SAINT LAURENT M,"ROUNDUP(AU_,-2)","FLOOR(AT_/1.2/120*1.22,5)*130","ROUNDDOWN(ROUNDDOWN(AE_*1.22/124.066,0),-2)",(AT_*BC_*(100%-AW_)+BC_*AY_)/(100%-5.5%-AX_),0.25,0.09,0,1
KENZO,"ROUNDUP(AU_,-2)","FLOOR(AT_/1.2/120*1.22,5)*130","ROUNDDOWN(ROUNDDOWN(AE_*1.22/124.066,0),-2)",(AT_*BC_*(100%-AW_)+BC_*AY_)/(100%-5.5%-AX_),0.25,0.09,0,1
KENZO M,"ROUNDUP(AU_,-2)","FLOOR(AT_/1.2/120*1.22,5)*130","ROUNDDOWN(ROUNDDOWN(AE_*1.22/124.066,0),-2)",(AT_*BC_*(100%-AW_)+BC_*AY_)/(100%-5.5%-AX_),0.25,0.09,0,1
DSQUARED2,"ROUNDUP(AU_,-2)","FLOOR(AT_/1.2/120*1.22,5)*130","ROUNDDOWN(ROUNDDOWN(AE_*1.22/124.066,0),-2)",(AT_*BC_*(100%-AW_)+BC_*AY_)/(100%-5.5%-AX_),0.25,0.09,0,1
DSQUARED2 M,"ROUNDUP(AU_,-2)","FLOOR(AT_/1.2/120*1.22,5)*130","ROUNDDOWN(ROUNDDOWN(AE_*1.22/124.066,0),-2)",(AT_*BC_*(100%-AW_)+BC_*AY_)/(100%-5.5%-AX_),0.25,0.09,0,1
DOLCE & GABBANA,"ROUNDUP(AU_,-2)","FLOOR(AT_/1.2/120*1.22,5)*130","ROUNDDOWN(ROUNDDOWN(AE_*1.22/124.066,0),-2)",(AT_*BC_*(100%-AW_)+BC_*AY_)/(100%-5.5%-AX_),0.25,0.09,0,1
DOLCE & GABBANA M,"ROUNDUP(AU_,-2)","FLOOR(AT_/1.2/120*1.22,5)*130","ROUNDDOWN(ROUNDDOWN(AE_*1.22/124.066,0),-2)",(AT_*BC_*(100%-AW_)+BC_*AY_)/(100%-5.5%-AX_),0.25,0.09,0,1
VALENTINO,"ROUNDUP(AU_,-2)","FLOOR(AT_/1.2/120*1.22,5)*130","ROUNDDOWN(ROUNDDOWN(AE_*1.22/124.066,0),-2)",(AT_*BC_*(100%-AW_)+BC_*AY_)/(100%-5.5%-AX_),0.4,0.09,0,1
VALENTINO M,"ROUNDUP(AU_,-2)","FLOOR(AT_/1.2/120*1.22,5)*130","ROUNDDOWN(ROUNDDOWN(AE_*1.22/124.066,0),-2)",(AT_*BC_*(100%-AW_)+BC_*AY_)/(100%-5.5%-AX_),0.4,0.09,0,1
VALENTINO GARAVANI,"ROUNDUP(AU_,-2)","FLOOR(AT_/1.2/120*1.22,5)*130","ROUNDDOWN(ROUNDDOWN(AE_*1.22/124.066,0),-2)",(AT_*BC_*(100%-AW_)+BC_*AY_)/(100%-5.5%-AX_),0.4,0.09,0,1
VALENTINO GARAVANI M,"ROUNDUP(AU_,-2)","FLOOR(AT_/1.2/120*1.22,5)*130","ROUNDDOWN(ROUNDDOWN(AE_*1.22/124.066,0),-2)",(AT_*BC_*(100%-AW_)+BC_*AY_)/(100%-5.5%-AX_),0.4,0.09,0,1
GIVENCHY,"ROUNDUP(AU_,-2)","FLOOR(AT_/1.2/120*1.22,5)*130","ROUNDDOWN(ROUNDDOWN(AE_*1.22/124.066,0),-2)",(AT_*BC_*(100%-AW_)+BC_*AY_)/(100%-5.5%-AX_),0.3,0.09,0,1
GIVENCHY M,"ROUNDUP(AU_,-2)","FLOOR(AT_/1.2/120*1.22,5)*130","ROUNDDOWN(ROUNDDOWN(AE_*1.22/124.066,0),-2)",(AT_*BC_*(100%-AW_)+BC_*AY_)/(100%-5.5%-AX_),0.3,0.09,0,1
MAISON MARGIELA,"ROUNDUP(AU_,-2)","FLOOR(AT_/1.2/120*1.22,5)*130","ROUNDDOWN(ROUNDDOWN(AE_*1.22/124.066,0),-2)",(AT_*BC_*(100%-AW_)+BC_*AY_)/(100%-5.5%-AX_),0.25,0.09,0,1
MAISON MARGIELA M,"ROUNDUP(AU_,-2)","FLOOR(AT_/1.2/120*1.22,5)*130","ROUNDDOWN(ROUNDDOWN(AE_*1.22/124.066,0),-2)",(AT_*BC_*(100%-AW_)+BC_*AY_)/(100%-5.5%-AX_),0.25,0.09,0,1
PRADA,"ROUNDUP(AU_,-2)","FLOOR(AT_/1.2/120*1.22,5)*130","ROUNDDOWN(ROUNDDOWN(AE_*1.22/124.066,0),-2)",(AT_*BC_*(100%-AW_)+BC_*AY_)/(100%-5.5%-AX_),0.15,0.09,0,1
PRADA M,"ROUNDUP(AU_,-2)","FLOOR(AT_/1.2/120*1.22,5)*130","ROUNDDOWN(ROUNDDOWN(AE_*1.22/124.066,0),-2)",(AT_*BC_*(100%-AW_)+BC_*AY_)/(100%-5.5%-AX_),0.15,0.09,0,1
SALVATORE FERRAGAMO,"ROUNDUP(AU_,-2)","FLOOR(AT_/1.2/120*1.22,5)*130","ROUNDDOWN(ROUNDDOWN(AE_*1.22/124.066,0),-2)",(AT_*BC_*(100%-AW_)+BC_*AY_)/(100%-5.5%-AX_),0.25,0.09,0,1
SALVATORE FERRAGAMO M,"ROUNDUP(AU_,-2)","FLOOR(AT_/1.2/120*1.22,5)*130","ROUNDDOWN(ROUNDDOWN(AE_*1.22/124.066,0),-2)",(AT_*BC_*(100%-AW_)+BC_*AY_)/(100%-5.5%-AX_),0.25,0.09,0,1
STELLA McCARTNEY,"ROUNDUP(AU_,-2)","FLOOR(AT_/1.2/120*1.22,5)*130","ROUNDDOWN(ROUNDDOWN(AE_*1.22/124.066,0),-2)",(AT_*BC_*(100%-AW_)+BC_*AY_)/(100%-5.5%-AX_),0.25,0.09,0,1
STELLA McCARTNEY M,"ROUNDUP(AU_,-2)","FLOOR(AT_/1.2/120*1.22,5)*130","ROUNDDOWN(ROUNDDOWN(AE_*1.22/124.066,0),-2)",(AT_*BC_*(100%-AW_)+BC_*AY_)/(100%-5.5%-AX_),0.25,0.09,0,1
GUCCI,"ROUNDUP(AU_,-2)","FLOOR(AT_/1.2/120*1.22,5)*130","ROUNDDOWN(ROUNDDOWN(AE_*1.22/124.066,0),-2)",(AT_*BC_*(100%-AW_)+BC_*AY_)/(100%-5.5%-AX_),0.25,0.09,0,1
GUCCI M,"ROUNDUP(AU_,-2)","FLOOR(AT_/1.2/120*1.22,5)*130","ROUNDDOWN(ROUNDDOWN(AE_*1.22/124.066,0),-2)",(AT_*BC_*(100%-AW_)+BC_*AY_)/(100%-5.5%-AX_),0.25,0.09,0,1
MOSCHINO,"ROUNDUP(AU_,-2)","FLOOR(AT_/1.2/120*1.22,5)*130","ROUNDDOWN(ROUNDDOWN(AE_*1.22/124.066,0),-2)",(AT_*BC_*(100%-AW_)+BC_*AY_)/(100%-5.5%-AX_),0.25,0.09,0,1
MOSCHINO M,"ROUNDUP(AU_,-2)","FLOOR(AT_/1.2/120*1.22,5)*130","ROUNDDOWN(ROUNDDOWN(AE_*1.22/124.066,0),-2)",(AT_*BC_*(100%-AW_)+BC_*AY_)/(100%-5.5%-AX_),0.25,0.09,0,1
GOLDEN GOOSE,"ROUNDUP(AU_,-2)","FLOOR(AT_/1.2/120*1.22,5)*130","ROUNDDOWN(ROUNDDOWN(AE_*1.22/124.066,0),-2)",(AT_*BC_*(100%-AW_)+BC_*AY_)/(100%-5.5%-AX_),0.25,0.09,0,1
GOLDEN GOOSE M,"ROUNDUP(AU_,-2)","FLOOR(AT_/1.2/120*1.22,5)*130","ROUNDDOWN(ROUNDDOWN(AE_*1.22/124.066,0),-2)",(AT_*BC_*(100%-AW_)+BC_*AY_)/(100%-5.5%-AX_),0.25,0.09,0,1
JIMMY CHOO,"ROUNDUP(AU_,-2)","FLOOR(AT_/1.2/120*1.22,5)*130","ROUNDDOWN(ROUNDDOWN(AE_*1.22/124.066,0),-2)",(AT_*BC_*(100%-AW_)+BC_*AY_)/(100%-5.5%-AX_),0.25,0.09,0,1
JIMMY CHOO M,"ROUNDUP(AU_,-2)","FLOOR(AT_/1.2/120*1.22,5)*130","ROUNDDOWN(ROUNDDOWN(AE_*1.22/124.066,0),-2)",(AT_*BC_*(100%-AW_)+BC_*AY_)/(100%-5.5%-AX_),0.25,0.09,0,1
SELF PORTRAIT,"ROUNDUP(AU_,-2)","FLOOR(AT_/1.2/120*1.22,5)*130","ROUNDDOWN(ROUNDDOWN(AE_*1.22/124.066,0),-2)",(AT_*BC_*(100%-AW_)+BC_*AY_)/(100%-5.5%-AX_),0.25,0.09,0,1
SELF PORTRAIT M,"ROUNDUP(AU_,-2)","FLOOR(AT_/1.2/120*1.22,5)*130","ROUNDDOWN(ROUNDDOWN(AE_*1.22/124.066,0),-2)",(AT_*BC_*(100%-AW_)+BC_*AY_)/(100%-5.5%-AX_),0.25,0.09,0,1
BALENCIAGA,"ROUNDUP(AU_,-2)","FLOOR(AT_/1.2/120*1.22,5)*130","ROUNDDOWN(ROUNDDOWN(AE_*1.22/124.066,0),-2)",(AT_*BC_*(100%-AW_)+BC_*AY_)/(100%-5.5%-AX_),0.4,0.09,0,1
BALENCIAGA M,"ROUNDUP(AU_,-2)","FLOOR(AT_/1.2/120*1.22,5)*130","ROUNDDOWN(ROUNDDOWN(AE_*1.22/124.066,0),-2)",(AT_*BC_*(100%-AW_)+BC_*AY_)/(100%-5.5%-AX_),0.4,0.09,0,1
ALEXANDER McQUEEN ,"ROUNDUP(AU_,-2)","FLOOR(AT_/1.2/120*1.22,5)*130","ROUNDDOWN(ROUNDDOWN(AE_*1.22/124.066,0),-2)",(AT_*BC_*(100%-AW_)+BC_*AY_)/(100%-5.5%-AX_),0.3,0.09,0,1
ALEXANDER McQUEEN M,"ROUNDUP(AU_,-2)","FLOOR(AT_/1.2/120*1.22,5)*130","ROUNDDOWN(ROUNDDOWN(AE_*1.22/124.066,0),-2)",(AT_*BC_*(100%-AW_)+BC_*AY_)/(100%-5.5%-AX_),0.3,0.09,0,1
BURBERRY,"ROUNDUP(AU_,-2)","FLOOR(AT_/1.2/120*1.22,5)*130","ROUNDDOWN(ROUNDDOWN(AE_*1.22/124.066,0),-2)",(AT_*BC_*(100%-AW_)+BC_*AY_)/(100%-5.5%-AX_),0.25,0.09,0,1
BURBERRY M  ,"ROUNDUP(AU_,-2)","FLOOR(AT_/1.2/120*1.22,5)*130","ROUNDDOWN(ROUNDDOWN(AE_*1.22/124.066,0),-2)",(AT_*BC_*(100%-AW_)+BC_*AY_)/(100%-5.5%-AX_),0.25,0.09,0,1
MANOLO BLAHNIK,"ROUNDUP(AU_,-2)","FLOOR(AT_/1.2/120*1.22,5)*130","ROUNDDOWN(ROUNDDOWN(AE_*1.22/124.066,0),-2)",(AT_*BC_*(100%-AW_)+BC_*AY_)/(100%-5.5%-AX_),0.45,0.09,0,1
LOEWE,"ROUNDUP(AU_,-2)","FLOOR(AT_/1.2/120*1.22,5)*130","ROUNDDOWN(ROUNDDOWN(AE_*1.22/124.066,0),-2)",(AT_*BC_*(100%-AW_)+BC_*AY_)/(100%-5.5%-AX_),0.1,0.09,0,1
LOEWE M,"ROUNDUP(AU_,-2)","FLOOR(AT_/1.2/120*1.22,5)*130","ROUNDDOWN(ROUNDDOWN(AE_*1.22/124.066,0),-2)",(AT_*BC_*(100%-AW_)+BC_*AY_)/(100%-5.5%-AX_),0.1,0.09,0,1
Y3,"ROUNDUP(AU_,-2)","FLOOR(AT_/1.2/120*1.22,5)*130","ROUNDDOWN(ROUNDDOWN(AE_*1.22/124.066,0),-2)",(AT_*BC_*(100%-AW_)+BC_*AY_)/(100%-5.5%-AX_),0.25,0.09,0,1
Y3 M,"ROUNDUP(AU_,-2)","FLOOR(AT_/1.2/120*1.22,5)*130","ROUNDDOWN(ROUNDDOWN(AE_*1.22/124.066,0),-2)",(AT_*BC_*(100%-AW_)+BC_*AY_)/(100%-5.5%-AX_),0.25,0.09,0,1
OFF WHITE,"ROUNDUP(AU_,-2)","FLOOR(AT_/1.2/120*1.22,5)*130","ROUNDDOWN(ROUNDDOWN(AE_*1.22/124.066,0),-2)",(AT_*BC_*(100%-AW_)+BC_*AY_)/(100%-5.5%-AX_),0.25,0.09,0,1
OFF WHITE M,"ROUNDUP(AU_,-2)","FLOOR(AT_/1.2/120*1.22,5)*130","ROUNDDOWN(ROUNDDOWN(AE_*1.22/124.066,0),-2)",(AT_*BC_*(100%-AW_)+BC_*AY_)/(100%-5.5%-AX_),0.25,0.09,0,1
CHLOE,"ROUNDUP(AU_,-2)","FLOOR(AT_/1.2/120*1.22,5)*130","ROUNDDOWN(ROUNDDOWN(AE_*1.22/124.066,0),-2)",(AT_*BC_*(100%-AW_)+BC_*AY_)/(100%-5.5%-AX_),0.3,0.09,0,1
JIL SANDER,"ROUNDUP(AU_,-2)","FLOOR(AT_/1.2/120*1.22,5)*130","ROUNDDOWN(ROUNDDOWN(AE_*1.22/124.066,0),-2)",(AT_*BC_*(100%-AW_)+BC_*AY_)/(100%-5.5%-AX_),0.25,0.09,0,1
JIL SANDER M,"ROUNDUP(AU_,-2)","FLOOR(AT_/1.2/120*1.22,5)*130","ROUNDDOWN(ROUNDDOWN(AE_*1.22/124.066,0),-2)",(AT_*BC_*(100%-AW_)+BC_*AY_)/(100%-5.5%-AX_),0.25,0.09,0,1
MAISON KITSUNÉ ,"ROUNDUP(AU_,-2)","FLOOR(AT_/1.2/120*1.22,5)*130","ROUNDDOWN(ROUNDDOWN(AE_*1.22/124.066,0),-2)",(AT_*BC_*(100%-AW_)+BC_*AY_)/(100%-5.5%-AX_),0.25,0.09,0,1
MAISON KITSUNÉ M,"ROUNDUP(AU_,-2)","FLOOR(AT_/1.2/120*1.22,5)*130","ROUNDDOWN(ROUNDDOWN(AE_*1.22/124.066,0),-2)",(AT_*BC_*(100%-AW_)+BC_*AY_)/(100%-5.5%-AX_),0.25,0.09,0,1
SERGIO ROSSI,"ROUNDUP(AU_,-2)","FLOOR(AT_/1.2/120*1.22,5)*130","ROUNDDOWN(ROUNDDOWN(AE_*1.22/124.066,0),-2)",(AT_*BC_*(100%-AW_)+BC_*AY_)/(100%-5.5%-AX_),0.25,0.09,0,1
BALMAIN,"ROUNDUP(AU_,-2)","FLOOR(AT_/1.2/120*1.22,5)*130","ROUNDDOWN(ROUNDDOWN(AE_*1.22/124.066,0),-2)",(AT_*BC_*(100%-AW_)+BC_*AY_)/(100%-5.5%-AX_),0.25,0.09,0,1
BALMAIN M,"ROUNDUP(AU_,-2)","FLOOR(AT_/1.2/120*1.22,5)*130","ROUNDDOWN(ROUNDDOWN(AE_*1.22/124.066,0),-2)",(AT_*BC_*(100%-AW_)+BC_*AY_)/(100%-5.5%-AX_),0.25,0.09,0,1
MAX MARA,"ROUNDUP(AU_,-2)","FLOOR(AT_/1.2/120*1.22,5)*130","ROUNDDOWN(ROUNDDOWN(AE_*1.22/124.066,0),-2)",(AT_*BC_*(100%-AW_)+BC_*AY_)/(100%-5.5%-AX_),0.55,0.09,0,1
SPORT MAX,"ROUNDUP(AU_,-2)","FLOOR(AT_/1.2/120*1.22,5)*130","ROUNDDOWN(ROUNDDOWN(AE_*1.22/124.066,0),-2)",(AT_*BC_*(100%-AW_)+BC_*AY_)/(100%-5.5%-AX_),0.55,0.09,0,1
VERSACE,"ROUNDUP(AU_,-2)","FLOOR(AT_/1.2/120*1.22,5)*130","ROUNDDOWN(ROUNDDOWN(AE_*1.22/124.066,0),-2)",(AT_*BC_*(100%-AW_)+BC_*AY_)/(100%-5.5%-AX_),0.25,0.09,0,1
VERSACE M,"ROUNDUP(AU_,-2)","FLOOR(AT_/1.2/120*1.22,5)*130","ROUNDDOWN(ROUNDDOWN(AE_*1.22/124.066,0),-2)",(AT_*BC_*(100%-AW_)+BC_*AY_)/(100%-5.5%-AX_),0.25,0.09,0,1
Versus,"ROUNDUP(AU_,-2)","FLOOR(AT_/1.2/120*1.22,5)*130","ROUNDDOWN(ROUNDDOWN(AE_*1.22/124.066,0),-2)",(AT_*BC_*(100%-AW_)+BC_*AY_)/(100%-5.5%-AX_),0.25,0.09,0,1
Versus M,"ROUNDUP(AU_,-2)","FLOOR(AT_/1.2/120*1.22,5)*130","ROUNDDOWN(ROUNDDOWN(AE_*1.22/124.066,0),-2)",(AT_*BC_*(100%-AW_)+BC_*AY_)/(100%-5.5%-AX_),0.25,0.09,0,1
Tods,"ROUNDUP(AU_,-2)","FLOOR(AT_/1.2/120*1.22,5)*130","ROUNDDOWN(ROUNDDOWN(AE_*1.22/124.066,0),-2)",(AT_*BC_*(100%-AW_)+BC_*AY_)/(100%-5.5%-AX_),0.25,0.09,0,1
Tods M,"ROUNDUP(AU_,-2)","FLOOR(AT_/1.2/120*1.22,5)*130","ROUNDDOWN(ROUNDDOWN(AE_*1.22/124.066,0),-2)",(AT_*BC_*(100%-AW_)+BC_*AY_)/(100%-5.5%-AX_),0.25,0.09,0,1
Philippe Model,"ROUNDUP(AU_,-2)","FLOOR(AT_/1.2/120*1.22,5)*130","ROUNDDOWN(ROUNDDOWN(AE_*1.22/124.066,0),-2)",(AT_*BC_*(100%-AW_)+BC_*AY_)/(100%-5.5%-AX_),0.25,0.09,0,1
Philippe Model M,"ROUNDUP(AU_,-2)","FLOOR(AT_/1.2/120*1.22,5)*130","ROUNDDOWN(ROUNDDOWN(AE_*1.22/124.066,0),-2)",(AT_*BC_*(100%-AW_)+BC_*AY_)/(100%-5.5%-AX_),0.25,0.09,0,1
MAISON MARGIELA,"ROUNDUP(AU_,-2)","FLOOR(AT_/1.2/120*1.22,5)*130","ROUNDDOWN(ROUNDDOWN(AE_*1.22/124.066,0),-2)",(AT_*BC_*(100%-AW_)+BC_*AY_)/(100%-5.5%-AX_),0.25,0.09,0,1
MAISON MARGIELA M,"ROUNDUP(AU_,-2)","FLOOR(AT_/1.2/120*1.22,5)*130","ROUNDDOWN(ROUNDDOWN(AE_*1.22/124.066,0),-2)",(AT_*BC_*(100%-AW_)+BC_*AY_)/(100%-5.5%-AX_),0.25,0.09,0,1
Emporio Armani ,"ROUNDUP(AU_,-2)","FLOOR(AT_/1.2/120*1.22,5)*130","ROUNDDOWN(ROUNDDOWN(AE_*1.22/124.066,0),-2)",(AT_*BC_*(100%-AW_)+BC_*AY_)/(100%-5.5%-AX_),0.25,0.09,0,1
Emporio Armani M,"ROUNDUP(AU_,-2)","FLOOR(AT_/1.2/120*1.22,5)*130","ROUNDDOWN(ROUNDDOWN(AE_*1.22/124.066,0),-2)",(AT_*BC_*(100%-AW_)+BC_*AY_)/(100%-5.5%-AX_),0.25,0.09,0,1
FENDI ,"ROUNDUP(AU_,-2)","FLOOR(AT_/1.2/120*1.22,5)*130","ROUNDDOWN(ROUNDDOWN(AE_*1.22/124.066,0),-2)",(AT_*BC_*(100%-AW_)+BC_*AY_)/(100%-5.5%-AX_),0.25,0.09,0,1
FENDI M,"ROUNDUP(AU_,-2)","FLOOR(AT_/1.2/120*1.22,5)*130","ROUNDDOWN(ROUNDDOWN(AE_*1.22/124.066,0),-2)",(AT_*BC_*(100%-AW_)+BC_*AY_)/(100%-5.5%-AX_),0.25,0.09,0,1
MM6 MAISON MARGIELA,"ROUNDUP(AU_,-2)","FLOOR(AT_/1.2/120*1.22,5)*130","ROUNDDOWN(ROUNDDOWN(AE_*1.22/124.066,0),-2)",(AT_*BC_*(100%-AW_)+BC_*AY_)/(100%-5.5%-AX_),0.25,0.09,0,1
MM6 MAISON MARGIELA M,"ROUNDUP(AU_,-2)","FLOOR(AT_/1.2/120*1.22,5)*130","ROUNDDOWN(ROUNDDOWN(AE_*1.22/124.066,0),-2)",(AT_*BC_*(100%-AW_)+BC_*AY_)/(100%-5.5%-AX_),0.25,0.09,0,1
ISABEL MARANT,"ROUNDUP(AU_,-2)","FLOOR(AT_/1.2/120*1.22,5)*130","ROUNDDOWN(ROUNDDOWN(AE_*1.22/124.066,0),-2)",(AT_*BC_*(100%-AW_)+BC_*AY_)/(100%-5.5%-AX_),0.25,0.09,0,1
ISABEL MARANT M　,"ROUNDUP(AU_,-2)","FLOOR(AT_/1.2/120*1.22,5)*130","ROUNDDOWN(ROUNDDOWN(AE_*1.22/124.066,0),-2)",(AT_*BC_*(100%-AW_)+BC_*AY_)/(100%-5.5%-AX_),0.25,0.09,0,1
ISABEL MARANT ETOILE,"ROUNDUP(AU_,-2)","FLOOR(AT_/1.2/120*1.22,5)*130","ROUNDDOWN(ROUNDDOWN(AE_*1.22/124.066,0),-2)",(AT_*BC_*(100%-AW_)+BC_*AY_)/(100%-5.5%-AX_),0.25,0.09,0,1
ISABEL MARANT ETOILE M　,"ROUNDUP(AU_,-2)","FLOOR(AT_/1.2/120*1.22,5)*130","ROUNDDOWN(ROUNDDOWN(AE_*1.22/124.066,0),-2)",(AT_*BC_*(100%-AW_)+BC_*AY_)/(100%-5.5%-AX_),0.25,0.09,0,1
N°21,"ROUNDUP(AU_,-2)","FLOOR(AT_/1.2/120*1.22,5)*130","ROUNDDOWN(ROUNDDOWN(AE_*1.22/124.066,0),-2)",(AT_*BC_*(100%-AW_)+BC_*AY_)/(100%-5.5%-AX_),0.25,0.09,0,1
N°21 M,"ROUNDUP(AU_,-2)","FLOOR(AT_/1.2/120*1.22,5)*130","ROUNDDOWN(ROUNDDOWN(AE_*1.22/124.066,0),-2)",(AT_*BC_*(100%-AW_)+BC_*AY_)/(100%-5.5%-AX_),0.25,0.09,0,1
LOVE MOSCHINO,"ROUNDUP(AU_,-2)","FLOOR(AT_/1.2/120*1.22,5)*130","ROUNDDOWN(ROUNDDOWN(AE_*1.22/124.066,0),-2)",(AT_*BC_*(100%-AW_)+BC_*AY_)/(100%-5.5%-AX_),0.25,0.09,0,1
LOVE MOSCHINO M,"ROUNDUP(AU_,-2)","FLOOR(AT_/1.2/120*1.22,5)*130","ROUNDDOWN(ROUNDDOWN(AE_*1.22/124.066,0),-2)",(AT_*BC_*(100%-AW_)+BC_*AY_)/(100%-5.5%-AX_),0.25,0.09,0,1
Giuseppe Zanotti,"ROUNDUP(AU_,-2)","FLOOR(AT_/1.2/120*1.22,5)*130","ROUNDDOWN(ROUNDDOWN(AE_*1.22/124.066,0),-2)",(AT_*BC_*(100%-AW_)+BC_*AY_)/(100%-5.5%-AX_),0.25,0.09,0,1
Giuseppe Zanotti M,"ROUNDUP(AU_,-2)","FLOOR(AT_/1.2/120*1.22,5)*130","ROUNDDOWN(ROUNDDOWN(AE_*1.22/124.066,0),-2)",(AT_*BC_*(100%-AW_)+BC_*AY_)/(100%-5.5%-AX_),0.25,0.09,0,1
Michael Kors,"ROUNDUP(AU_,-2)","FLOOR(AT_/1.2/120*1.22,5)*130","ROUNDDOWN(ROUNDDOWN(AE_*1.22/124.066,0),-2)",(AT_*BC_*(100%-AW_)+BC_*AY_)/(100%-5.5%-AX_),0.25,0.09,0,1
Michael Kors M,"ROUNDUP(AU_,-2)","FLOOR(AT_/1.2/120*1.22,5)*130","ROUNDDOWN(ROUNDDOWN(AE_*1.22/124.066,0),-2)",(AT_*BC_*(100%-AW_)+BC_*AY_)/(100%-5.5%-AX_),0.25,0.09,0,1
Msgm,"ROUNDUP(AU_,-2)","FLOOR(AT_/1.2/120*1.22,5)*130","ROUNDDOWN(ROUNDDOWN(AE_*1.22/124.066,0),-2)",(AT_*BC_*(100%-AW_)+BC_*AY_)/(100%-5.5%-AX_),0.3,0.09,0,1
Msgm M,"ROUNDUP(AU_,-2)","FLOOR(AT_/1.2/120*1.22,5)*130","ROUNDDOWN(ROUNDDOWN(AE_*1.22/124.066,0),-2)",(AT_*BC_*(100%-AW_)+BC_*AY_)/(100%-5.5%-AX_),0.3,0.09,0,1
RICK OWENS,"ROUNDUP(AU_,-2)","FLOOR(AT_/1.2/120*1.22,5)*130","ROUNDDOWN(ROUNDDOWN(AE_*1.22/124.066,0),-2)",(AT_*BC_*(100%-AW_)+BC_*AY_)/(100%-5.5%-AX_),0.25,0.09,0,1
RICK OWENS M,"ROUNDUP(AU_,-2)","FLOOR(AT_/1.2/120*1.22,5)*130","ROUNDDOWN(ROUNDDOWN(AE_*1.22/124.066,0),-2)",(AT_*BC_*(100%-AW_)+BC_*AY_)/(100%-5.5%-AX_),0.25,0.09,0,1
RICK OWENS DARKSHADOW,"ROUNDUP(AU_,-2)","FLOOR(AT_/1.2/120*1.22,5)*130","ROUNDDOWN(ROUNDDOWN(AE_*1.22/124.066,0),-2)",(AT_*BC_*(100%-AW_)+BC_*AY_)/(100%-5.5%-AX_),0.25,0.09,0,1
RICK OWENS DARKSHADOW M,"ROUNDUP(AU_,-2)","FLOOR(AT_/1.2/120*1.22,5)*130","ROUNDDOWN(ROUNDDOWN(AE_*1.22/124.066,0),-2)",(AT_*BC_*(100%-AW_)+BC_*AY_)/(100%-5.5%-AX_),0.25,0.09,0,1
NEIL BARRETT M,"ROUNDUP(AU_,-2)","FLOOR(AT_/1.2/120*1.22,5)*130","ROUNDDOWN(ROUNDDOWN(AE_*1.22/124.066,0),-2)",(AT_*BC_*(100%-AW_)+BC_*AY_)/(100%-5.5%-AX_),0.25,0.09,0,1
Red valentino,"ROUNDUP(AU_,-2)","FLOOR(AT_/1.2/120*1.22,5)*130","ROUNDDOWN(ROUNDDOWN(AE_*1.22/124.066,0),-2)",(AT_*BC_*(100%-AW_)+BC_*AY_)/(100%-5.5%-AX_),0.25,0.09,0,1
Red valentino M,"ROUNDUP(AU_,-2)","FLOOR(AT_/1.2/120*1.22,5)*130","ROUNDDOWN(ROUNDDOWN(AE_*1.22/124.066,0),-2)",(AT_*BC_*(100%-AW_)+BC_*AY_)/(100%-5.5%-AX_),0.25,0.09,0,1
Bottega veneta,"ROUNDUP(AU_,-2)","FLOOR(AT_/1.2/120*1.22,5)*130","ROUNDDOWN(ROUNDDOWN(AE_*1.22/124.066,0),-2)",(AT_*BC_*(100%-AW_)+BC_*AY_)/(100%-5.5%-AX_),0.2,0.09,0,1
Bottega veneta M,"ROUNDUP(AU_,-2)","FLOOR(AT_/1.2/120*1.22,5)*130","ROUNDDOWN(ROUNDDOWN(AE_*1.22/124.066,0),-2)",(AT_*BC_*(100%-AW_)+BC_*AY_)/(100%-5.5%-AX_),0.2,0.09,0,1
Christian Louboutin,"ROUNDUP(AU_,-2)","FLOOR(AT_/1.2/120*1.22,5)*130","ROUNDDOWN(ROUNDDOWN(AE_*1.22/124.066,0),-2)",(AT_*BC_*(100%-AW_)+BC_*AY_)/(100%-5.5%-AX_),0.2,0.09,0,1
Christian Louboutin M,"ROUNDUP(AU_,-2)","FLOOR(AT_/1.2/120*1.22,5)*130","ROUNDDOWN(ROUNDDOWN(AE_*1.22/124.066,0),-2)",(AT_*BC_*(100%-AW_)+BC_*AY_)/(100%-5.5%-AX_),0.2,0.09,0,1
GCDS,"ROUNDUP(AU_,-2)","FLOOR(AT_/1.2/120*1.22,5)*130","ROUNDDOWN(ROUNDDOWN(AE_*1.22/124.066,0),-2)",(AT_*BC_*(100%-AW_)+BC_*AY_)/(100%-5.5%-AX_),0.25,0.09,0,1
GCDS M,"ROUNDUP(AU_,-2)","FLOOR(AT_/1.2/120*1.22,5)*130","ROUNDDOWN(ROUNDDOWN(AE_*1.22/124.066,0),-2)",(AT_*BC_*(100%-AW_)+BC_*AY_)/(100%-5.5%-AX_),0.25,0.09,0,1
Marni,"ROUNDUP(AU_,-2)","FLOOR(AT_/1.2/120*1.22,5)*130","ROUNDDOWN(ROUNDDOWN(AE_*1.22/124.066,0),-2)",(AT_*BC_*(100%-AW_)+BC_*AY_)/(100%-5.5%-AX_),0.25,0.09,0,1
Marni M,"ROUNDUP(AU_,-2)","FLOOR(AT_/1.2/120*1.22,5)*130","ROUNDDOWN(ROUNDDOWN(AE_*1.22/124.066,0),-2)",(AT_*BC_*(100%-AW_)+BC_*AY_)/(100%-5.5%-AX_),0.25,0.09,0,1
Stuart Weitzman,"ROUNDUP(AU_,-2)","FLOOR(AT_/1.2/120*1.22,5)*130","ROUNDDOWN(ROUNDDOWN(AE_*1.22/124.066,0),-2)",(AT_*BC_*(100%-AW_)+BC_*AY_)/(100%-5.5%-AX_),0.25,0.09,0,1
Thom browne,"ROUNDUP(AU_,-2)","FLOOR(AT_/1.2/120*1.22,5)*130","ROUNDDOWN(ROUNDDOWN(AE_*1.22/124.066,0),-2)",(AT_*BC_*(100%-AW_)+BC_*AY_)/(100%-5.5%-AX_),0.3,0.09,0,1
Thom browne M,"ROUNDUP(AU_,-2)","FLOOR(AT_/1.2/120*1.22,5)*130","ROUNDDOWN(ROUNDDOWN(AE_*1.22/124.066,0),-2)",(AT_*BC_*(100%-AW_)+BC_*AY_)/(100%-5.5%-AX_),0.3,0.09,0,1
CHURCHS,"ROUNDUP(AU_,-2)","FLOOR(AT_/1.2/120*1.22,5)*130","ROUNDDOWN(ROUNDDOWN(AE_*1.22/124.066,0),-2)",(AT_*BC_*(100%-AW_)+BC_*AY_)/(100%-5.5%-AX_),0.25,0.09,0,1
CHURCHS M,"ROUNDUP(AU_,-2)","FLOOR(AT_/1.2/120*1.22,5)*130","ROUNDDOWN(ROUNDDOWN(AE_*1.22/124.066,0),-2)",(AT_*BC_*(100%-AW_)+BC_*AY_)/(100%-5.5%-AX_),0.25,0.09,0,1
ETRO,"ROUNDUP(AU_,-2)","FLOOR(AT_/1.2/120*1.22,5)*130","ROUNDDOWN(ROUNDDOWN(AE_*1.22/124.066,0),-2)",(AT_*BC_*(100%-AW_)+BC_*AY_)/(100%-5.5%-AX_),0.25,0.09,0,1
ETRO M,"ROUNDUP(AU_,-2)","FLOOR(AT_/1.2/120*1.22,5)*130","ROUNDDOWN(ROUNDDOWN(AE_*1.22/124.066,0),-2)",(AT_*BC_*(100%-AW_)+BC_*AY_)/(100%-5.5%-AX_),0.25,0.09,0,1
ZANELLATO,"ROUNDUP(AU_,-2)","FLOOR(AT_/1.2/120*1.22,5)*130","ROUNDDOWN(ROUNDDOWN(AE_*1.22/124.066,0),-2)",(AT_*BC_*(100%-AW_)+BC_*AY_)/(100%-5.5%-AX_),0.25,0.09,0,1
ZANELLATO M,"ROUNDUP(AU_,-2)","FLOOR(AT_/1.2/120*1.22,5)*130","ROUNDDOWN(ROUNDDOWN(AE_*1.22/124.066,0),-2)",(AT_*BC_*(100%-AW_)+BC_*AY_)/(100%-5.5%-AX_),0.25,0.09,0,1
TORY BURCH,"ROUNDUP(AU_,-2)","FLOOR(AT_/1.2/120*1.22,5)*130","ROUNDDOWN(ROUNDDOWN(AE_*1.22/124.066,0),-2)",(AT_*BC_*(100%-AW_)+BC_*AY_)/(100%-5.5%-AX_),0.25,0.09,0,1
Marcelo Burlon,"ROUNDUP(AU_,-2)","FLOOR(AT_/1.2/120*1.22,5)*130","ROUNDDOWN(ROUNDDOWN(AE_*1.22/124.066,0),-2)",(AT_*BC_*(100%-AW_)+BC_*AY_)/(100%-5.5%-AX_),0.25,0.09,0,1
Marcelo Burlon M ,"ROUNDUP(AU_,-2)","FLOOR(AT_/1.2/120*1.22,5)*130","ROUNDDOWN(ROUNDDOWN(AE_*1.22/124.066,0),-2)",(AT_*BC_*(100%-AW_)+BC_*AY_)/(100%-5.5%-AX_),0.25,0.09,0,1
Marcelo Burlon County of Milan M,"ROUNDUP(AU_,-2)","FLOOR(AT_/1.2/120*1.22,5)*130","ROUNDDOWN(ROUNDDOWN(AE_*1.22/124.066,0),-2)",(AT_*BC_*(100%-AW_)+BC_*AY_)/(100%-5.5%-AX_),0.25,0.09,0,1
HERNO,"ROUNDUP(AU_,-2)","FLOOR(AT_/1.2/120*1.22,5)*130","ROUNDDOWN(ROUNDDOWN(AE_*1.22/124.066,0),-2)",(AT_*BC_*(100%-AW_)+BC_*AY_)/(100%-5.5%-AX_),0.25,0.09,0,1
HERNO M,"ROUNDUP(AU_,-2)","FLOOR(AT_/1.2/120*1.22,5)*130","ROUNDDOWN(ROUNDDOWN(AE_*1.22/124.066,0),-2)",(AT_*BC_*(100%-AW_)+BC_*AY_)/(100%-5.5%-AX_),0.25,0.09,0,1
Stone Island M,"ROUNDUP(AU_,-2)","FLOOR(AT_/1.2/120*1.22,5)*130","ROUNDDOWN(ROUNDDOWN(AE_*1.22/124.066,0),-2)",(AT_*BC_*(100%-AW_)+BC_*AY_)/(100%-5.5%-AX_),0.45,0.09,0,1
MARC JACOBS,"ROUNDUP(AU_,-2)","FLOOR(AT_/1.2/120*1.22,5)*130","ROUNDDOWN(ROUNDDOWN(AE_*1.22/124.066,0),-2)",(AT_*BC_*(100%-AW_)+BC_*AY_)/(100%-5.5%-AX_),0.25,0.09,0,1
MARC JACOBS M,"ROUNDUP(AU_,-2)","FLOOR(AT_/1.2/120*1.22,5)*130","ROUNDDOWN(ROUNDDOWN(AE_*1.22/124.066,0),-2)",(AT_*BC_*(100%-AW_)+BC_*AY_)/(100%-5.5%-AX_),0.25,0.09,0,1
SEE BY CHLOE,"ROUNDUP(AU_,-2)","FLOOR(AT_/1.2/120*1.22,5)*130","ROUNDDOWN(ROUNDDOWN(AE_*1.22/124.066,0),-2)",(AT_*BC_*(100%-AW_)+BC_*AY_)/(100%-5.5%-AX_),0,0.2,0,1
BRUNELLO CUCINELLI,"ROUNDUP(AU_,-2)","FLOOR(AT_/1.2/120*1.22,5)*130","ROUNDDOWN(ROUNDDOWN(AE_*1.22/124.066,0),-2)",(AT_*BC_*(100%-AW_)+BC_*AY_)/(100%-5.5%-AX_),0.25,0.09,0,1
BRUNELLO CUCINELLI M,"ROUNDUP(AU_,-2)","FLOOR(AT_/1.2/120*1.22,5)*130","ROUNDDOWN(ROUNDDOWN(AE_*1.22/124.066,0),-2)",(AT_*BC_*(100%-AW_)+BC_*AY_)/(100%-5.5%-AX_),0.25,0.09,0,1
CÉLINE,"ROUNDUP(AU_,-2)","FLOOR(AT_/1.2/120*1.22,5)*130","ROUNDDOWN(ROUNDDOWN(AE_*1.22/124.066,0),-2)",(AT_*BC_*(100%-AW_)+BC_*AY_)/(100%-5.5%-AX_),0.1,0.09,0,1
Christian Dior,"ROUNDUP(AU_,-2)","FLOOR(AT_/1.2/120*1.22,5)*130","ROUNDDOWN(ROUNDDOWN(AE_*1.22/124.066,0),-2)",(AT_*BC_*(100%-AW_)+BC_*AY_)/(100%-5.5%-AX_),0.05,0.09,0,1
Christian Dior M,"ROUNDUP(AU_,-2)","FLOOR(AT_/1.2/120*1.22,5)*130","ROUNDDOWN(ROUNDDOWN(AE_*1.22/124.066,0),-2)",(AT_*BC_*(100%-AW_)+BC_*AY_)/(100%-5.5%-AX_),0.05,0.09,0,1
MARNI,"ROUNDUP(AU_,-2)","FLOOR(AT_/1.2/120*1.22,5)*130","ROUNDDOWN(ROUNDDOWN(AE_*1.22/124.066,0),-2)",(AT_*BC_*(100%-AW_)+BC_*AY_)/(100%-5.5%-AX_),0.25,0.09,0,1
MARNI M,"ROUNDUP(AU_,-2)","FLOOR(AT_/1.2/120*1.22,5)*130","ROUNDDOWN(ROUNDDOWN(AE_*1.22/124.066,0),-2)",(AT_*BC_*(100%-AW_)+BC_*AY_)/(100%-5.5%-AX_),0.25,0.09,0,1
THOM BROWNE,"ROUNDUP(AU_,-2)","FLOOR(AT_/1.2/120*1.22,5)*130","ROUNDDOWN(ROUNDDOWN(AE_*1.22/124.066,0),-2)",(AT_*BC_*(100%-AW_)+BC_*AY_)/(100%-5.5%-AX_),0.3,0.09,0,1
"THOM BROWNE M
","ROUNDUP(AU_,-2)","FLOOR(AT_/1.2/120*1.22,5)*130","ROUNDDOWN(ROUNDDOWN(AE_*1.22/124.066,0),-2)",(AT_*BC_*(100%-AW_)+BC_*AY_)/(100%-5.5%-AX_),0.3,0.09,0,1
"MARC JACOBS
MARC JACOBS","ROUNDUP(AU_,-2)","FLOOR(AT_/1.2/120*1.22,5)*130","ROUNDDOWN(ROUNDDOWN(AE_*1.22/124.066,0),-2)",(AT_*BC_*(100%-AW_)+BC_*AY_)/(100%-5.5%-AX_),0.25,0.09,0,1
STUART WEITZMAN,"ROUNDUP(AU_,-2)","FLOOR(AT_/1.2/120*1.22,5)*130","ROUNDDOWN(ROUNDDOWN(AE_*1.22/124.066,0),-2)",(AT_*BC_*(100%-AW_)+BC_*AY_)/(100%-5.5%-AX_),0,0.2,0,1