size_chart,before,after
(Adidas UK) W,3.5,UK3.5＊在庫確認願います＊/22cm
(Adidas UK) W,4,UK4＊在庫確認願います＊/22.5cm
(Adidas UK) W,4.5,UK4.5＊在庫確認願います＊/23cm
(Adidas UK) W,5,UK5＊在庫確認願います＊/23.5cm
(Adidas UK) W,5.5,UK5.5＊在庫確認願います＊/24cm
(Adidas UK) W,6,UK6＊在庫確認願います＊/24.5cm
(Adidas UK) W,6.5,UK6.5＊在庫確認願います＊/25cm
(Adidas UK) W,7,UK7＊在庫確認願います＊/25.5cm
(Adidas UK) W,7.5,UK7.5＊在庫確認願います＊/26cm
(Adidas UK) W,8,UK8＊在庫確認願います＊/26.5cm
(Adidas UK) W,8.5,UK8.5＊在庫確認願います＊/27cm以上
(Adidas UK) W,9,UK8.5＊在庫確認願います＊/27cm以上
(Adidas),10,UK10＊在庫確認願います＊/28.5cm
(Adidas),10.5,UK10.5＊在庫確認願います＊/29cm以上
(Adidas),11,UK11＊在庫確認願います＊/29cm以上
(Adidas),11.5,UK11.5＊在庫確認願います＊/29cm以上
(Adidas),12,UK12＊在庫確認願います＊/29cm以上
(Adidas),12.5,UK12.5＊在庫確認願います＊/29cm以上
(Adidas),5,UK5＊在庫確認願います＊/23.5cm
(Adidas),5.5,UK5.5＊在庫確認願います＊/24cm
(Adidas),6,UK6＊在庫確認願います＊/24.5cm
(Adidas),6.5,UK6.5＊在庫確認願います＊/25cm
(Adidas),7,UK7＊在庫確認願います＊/25.5cm
(Adidas),7.5,UK7.5＊在庫確認願います＊/26cm
(Adidas),8,UK8＊在庫確認願います＊/26.5cm
(Adidas),8.5,UK8.5＊在庫確認願います＊/27cm
(Adidas),9,UK9＊在庫確認願います＊/27.5cm
(Adidas),9.5,UK9.5＊在庫確認願います＊/28cm
(BELTS),100,100＊在庫確認願います＊/指定なし
(BELTS),105,105＊在庫確認願います＊/指定なし
(BELTS),110,110＊在庫確認願います＊/指定なし
(BELTS),115,115＊在庫確認願います＊/指定なし
(BELTS),70,70＊在庫確認願います＊/指定なし
(BELTS),75,75＊在庫確認願います＊/指定なし
(BELTS),80,80＊在庫確認願います＊/指定なし
(BELTS),85,85＊在庫確認願います＊/指定なし
(BELTS),90,90＊在庫確認願います＊/指定なし
(BELTS),95,95＊在庫確認願います＊/指定なし
(COLLAR cm),37,37cm＊在庫確認願います＊/XS以下
(COLLAR cm),38,38cm＊在庫確認願います＊/S
(COLLAR cm),39,39cm＊在庫確認願います＊/M
(COLLAR cm),40,40cm＊在庫確認願います＊/L
(COLLAR cm),41,41cm＊在庫確認願います＊/XL以上
(COLLAR cm),42,42cm＊在庫確認願います＊/XL以上
(COLLAR cm),43,43cm＊在庫確認願います＊/XL以上
(COLLAR cm),44,44cm＊在庫確認願います＊/XL以上
(COLLAR inches),14+,14.5インチ＊在庫確認願います＊/XS以下
(COLLAR inches),15,15インチ＊在庫確認願います＊/S
(COLLAR inches),15 1/2,15.5インチ＊在庫確認願います＊/M
(COLLAR inches),15 3/4,15.75インチ＊在庫確認願います＊/L
(COLLAR inches),15.5,15.5インチ＊在庫確認願います＊/M
(COLLAR inches),15.75,15.75インチ＊在庫確認願います＊/L
(COLLAR inches),15+,15.5インチ＊在庫確認願います＊/M
(COLLAR inches),15++,15.75インチ＊在庫確認願います＊/L
(COLLAR inches),16,16インチ＊在庫確認願います＊/L
(COLLAR inches),16 1/2,16.5インチ＊在庫確認願います＊/XL以上
(COLLAR inches),16.5,16.5インチ＊在庫確認願います＊/XL以上
(COLLAR inches),16+,16.5インチ＊在庫確認願います＊/XL以上
(COLLAR inches),17,17インチ＊在庫確認願います＊/XL以上
(COLLAR inches),17+,17インチ＊在庫確認願います＊/XL以上
(DENMARK),32,32＊在庫確認願います＊/XS以下
(DENMARK),34,34＊在庫確認願います＊/XS以下
(DENMARK),36,36＊在庫確認願います＊/S
(DENMARK),38,38＊在庫確認願います＊/M
(DENMARK),40,40＊在庫確認願います＊/L
(DENMARK),42,42＊在庫確認願います＊/XL以上
(DENMARK),44,44＊在庫確認願います＊/XL以上
(EUROPE) RING W,11,11＊在庫確認願います＊/指定なし
(EUROPE) RING W,13,13＊在庫確認願います＊/指定なし
(EUROPE) RING W,15,15＊在庫確認願います＊/指定なし
(GLOVES),7,7＊在庫確認願います＊/指定なし
(GLOVES),7.5,7.5＊在庫確認願います＊/指定なし
(GLOVES),8,8＊在庫確認願います＊/指定なし
(GLOVES),8.5,8.5＊在庫確認願います＊/指定なし
(ITALY) WOMEN,42,42＊在庫確認願います＊/M
(ITALY) WOMEN,44,44＊在庫確認願います＊/L
(ITALY) WOMEN,46,46＊在庫確認願います＊/XL以上
(ITALY) WOMEN,48,48＊在庫確認願います＊/XL以上
(ITALY) WOMEN,50,50＊在庫確認願います＊/XL以上
(ITALY) WOMEN,52,52＊在庫確認願います＊/XL以上
(ITALY) WOMEN,54,54＊在庫確認願います＊/XL以上
(JAPAN)HAT,3,3＊在庫確認願います＊/指定なし
(JAPAN)HAT,4,4＊在庫確認願います＊/指定なし
(JAPAN)HAT,5,5＊在庫確認願います＊/指定なし
(JEANS),25,25＊在庫確認願います＊/XS以下
(JEANS),26,26＊在庫確認願います＊/XS以下
(JEANS),27,27＊在庫確認願います＊/XS以下
(JEANS),28,28＊在庫確認願います＊/XS以下
(JEANS),29,29＊在庫確認願います＊/XS以下
(JEANS),30,30＊在庫確認願います＊/S
(JEANS),31,31＊在庫確認願います＊/S
(JEANS),32,32＊在庫確認願います＊/M
(JEANS),33,33＊在庫確認願います＊/M
(JEANS),34,34＊在庫確認願います＊/L
(JEANS),35,35＊在庫確認願います＊/L
(JEANS),36,36＊在庫確認願います＊/XL以上
(JEANS),37,37＊在庫確認願います＊/XL以上
(JEANS),38,38＊在庫確認願います＊/XL以上
(JEANS),39,39＊在庫確認願います＊/XL以上
(JEANS) WOMEN,23,23＊在庫確認願います＊/XS以下
(JEANS) WOMEN,24,24＊在庫確認願います＊/XS以下
(JEANS) WOMEN,25,25＊在庫確認願います＊/XS以下
(JEANS) WOMEN,26,26＊在庫確認願います＊/S
(JEANS) WOMEN,27,27＊在庫確認願います＊/S
(JEANS) WOMEN,28,28＊在庫確認願います＊/M
(JEANS) WOMEN,29,29＊在庫確認願います＊/M
(JEANS) WOMEN,30,30＊在庫確認願います＊/L
(JEANS) WOMEN,31,31＊在庫確認願います＊/L
(JEANS) WOMEN,32,32＊在庫確認願います＊/XL以上
(JEANS) WOMEN,33,33＊在庫確認願います＊/XL以上
(JEANS) WOMEN,34,34＊在庫確認願います＊/XL以上
(JEANS) WOMEN,36,36＊在庫確認願います＊/XL以上
(LINGERIE),1,1＊在庫確認願います＊/XS以下
(LINGERIE),2,2＊在庫確認願います＊/S
(LINGERIE),3,3＊在庫確認願います＊/M
(LINGERIE),4,4＊在庫確認願います＊/L
(MONCLER),0,0＊在庫確認願います＊/XS以下
(MONCLER),1,1＊在庫確認願います＊/S
(MONCLER),2,2＊在庫確認願います＊/M
(MONCLER),3,3＊在庫確認願います＊/L
(MONCLER),4,4＊在庫確認願います＊/XL以上
(MONCLER),5,5＊在庫確認願います＊/XL以上
(MONCLER),6,6＊在庫確認願います＊/XL以上
(MONCLER),7,7＊在庫確認願います＊/XL以上
(MONCLER) WOMEN,0,0＊在庫確認願います＊/S
(MONCLER) WOMEN,00,00＊在庫確認願います＊/XS以下
(MONCLER) WOMEN,1,1＊在庫確認願います＊/M
(MONCLER) WOMEN,2,2＊在庫確認願います＊/L
(MONCLER) WOMEN,3,3＊在庫確認願います＊/XL以上
(MONCLER) WOMEN,4,4＊在庫確認願います＊/XL以上
(MONCLER) WOMEN,5,5＊在庫確認願います＊/XL以上
(MONCLER) WOMEN,6,6＊在庫確認願います＊/XL以上
(MONCLER) WOMEN,7,7＊在庫確認願います＊/XL以上
(PANTS UK/USA),30,30＊在庫確認願います＊/S
(PANTS UK/USA),32,32＊在庫確認願います＊/M
(PANTS UK/USA),34,34＊在庫確認願います＊/L
(PANTS UK/USA),36,36＊在庫確認願います＊/XL以上
(RINGS VERSACE EUROPE),21,21＊在庫確認願います＊/指定なし
(RINGS VERSACE EUROPE),23,23＊在庫確認願います＊/指定なし
(RINGS VERSACE EUROPE),25,25＊在庫確認願います＊/指定なし
(RINGS VERSACE),20,20＊在庫確認願います＊/指定なし
(RINGS VERSACE),21,21＊在庫確認願います＊/指定なし
(RINGS VERSACE),22,22＊在庫確認願います＊/指定なし
(SAUCONY UNISEX USA),10,10＊在庫確認願います＊/27cm以上
(SAUCONY UNISEX USA),7.5,7.5＊在庫確認願います＊/26cm
(SAUCONY UNISEX USA),8,8＊在庫確認願います＊/26.5cm
(SAUCONY UNISEX USA),8.5,8.5＊在庫確認願います＊/27cm以上
(SAUCONY UNISEX USA),9,9＊在庫確認願います＊/27cm以上
(SAUCONY UNISEX USA),9.5,9.5＊在庫確認願います＊/27cm以上
(SAUCONY USA) W,10,US10＊在庫確認願います＊/27cm以上
(SAUCONY USA) W,5,US5＊在庫確認願います＊/22cm
(SAUCONY USA) W,5.5,US5.5＊在庫確認願います＊/22.5cm
(SAUCONY USA) W,6,US6＊在庫確認願います＊/23cm
(SAUCONY USA) W,6.5,US6.5＊在庫確認願います＊/24cm
(SAUCONY USA) W,7,US7＊在庫確認願います＊/24cm
(SAUCONY USA) W,7.5,US7.5＊在庫確認願います＊/24.5cm
(SAUCONY USA) W,8,US8＊在庫確認願います＊/25cm
(SAUCONY USA) W,8.5,US8.5＊在庫確認願います＊/25.5cm
(SAUCONY USA) W,9,US9＊在庫確認願います＊/26cm
(SAUCONY USA) W,9.5,US9.5＊在庫確認願います＊/26.5cm
(TATRAS),1,1＊在庫確認願います＊/XS以下
(TATRAS),2,2＊在庫確認願います＊/XS以下
(TATRAS),3,3＊在庫確認願います＊/S
(TATRAS),4,4＊在庫確認願います＊/M
(TATRAS),5,5＊在庫確認願います＊/L
(TATRAS),6,6＊在庫確認願います＊/XL以上
(TATRAS) WOMEN,1,1＊在庫確認願います＊/XS以下
(TATRAS) WOMEN,2,2＊在庫確認願います＊/XS以下
(TATRAS) WOMEN,3,3＊在庫確認願います＊/XS以下
(TATRAS) WOMEN,4,4＊在庫確認願います＊/S
(TATRAS) WOMEN,5,5＊在庫確認願います＊/M
(TATRAS) WOMEN,6,6＊在庫確認願います＊/L
(THOM BROWNE),0,0＊在庫確認願います＊/S
(THOM BROWNE),00,00＊在庫確認願います＊/XS以下
(THOM BROWNE),1,1＊在庫確認願います＊/M
(THOM BROWNE),1/I,1＊在庫確認願います＊/M
(THOM BROWNE),2,2＊在庫確認願います＊/L
(THOM BROWNE),2/II,2＊在庫確認願います＊/L
(THOM BROWNE),3,3＊在庫確認願います＊/XL以上
(THOM BROWNE),3/III,3＊在庫確認願います＊/XL以上
(THOM BROWNE),4,4＊在庫確認願います＊/XL以上
(THOM BROWNE),4/IV,4＊在庫確認願います＊/XL以上
(THOM BROWNE),5,5＊在庫確認願います＊/XL以上
(THOM BROWNE),6,6＊在庫確認願います＊/XL以上
(TODS EUROPE) W,34,34＊在庫確認願います＊/22.5cm
(TODS EUROPE) W,34.5,34.5＊在庫確認願います＊/23cm
(TODS EUROPE) W,35,35＊在庫確認願います＊/23cm
(TODS EUROPE) W,35.5,35.5＊在庫確認願います＊/23.5cm
(TODS EUROPE) W,36,36＊在庫確認願います＊/24cm
(TODS EUROPE) W,36.5,36.5＊在庫確認願います＊/24.5cm
(TODS EUROPE) W,37,37＊在庫確認願います＊/24.5cm
(TODS EUROPE) W,37.5,37.5＊在庫確認願います＊/25cm
(TODS EUROPE) W,38,38＊在庫確認願います＊/25.5cm
(TODS EUROPE) W,38.5,38.5＊在庫確認願います＊/25.5cm
(TODS EUROPE) W,39,39＊在庫確認願います＊/26cm
(TODS EUROPE) W,39.5,39.5＊在庫確認願います＊/26cm
(TODS EUROPE) W,40,40＊在庫確認願います＊/26.5cm
(TODS EUROPE) W,40.5,40.5＊在庫確認願います＊/27cm
(TODS EUROPE) W,41,41＊在庫確認願います＊/27cm
(TODS EUROPE) W,41.5,41.5＊在庫確認願います＊/27.5cm
(TODS EUROPE) W,42,42＊在庫確認願います＊/28cm
(UGG USA),1,UK1＊在庫確認願います＊/21cm以下
(UGG USA),1.5,UK1.5＊在庫確認願います＊/21cm以下
(UGG USA),10,US10＊在庫確認願います＊/26cm
(UGG USA),2,UK2＊在庫確認願います＊/21cm以下
(UGG USA),2.5,UK2.5＊在庫確認願います＊/21cm以下
(UGG USA),3,UK3＊在庫確認願います＊/21.5cm
(UGG USA),3.5,UK3.5＊在庫確認願います＊/22cm
(UGG USA),5,US5＊在庫確認願います＊/22cm
(UGG USA),6,US6＊在庫確認願います＊/23cm
(UGG USA),7,US7＊在庫確認願います＊/24cm
(UGG USA),8,US8＊在庫確認願います＊/24.5cm
(UGG USA),9,US9＊在庫確認願います＊/25.5cm
(UK) SHOES KIDS,10,UK10＊在庫確認願います＊/16.5cm
(UK) SHOES KIDS,11,UK11＊在庫確認願います＊/17.5cm
(UK) SHOES KIDS,12,UK12＊在庫確認願います＊/18cm
(UK) SHOES KIDS,12.5,UK12.5＊在庫確認願います＊/18.5cm
(UK) SHOES KIDS,13,UK13＊在庫確認願います＊/19cm
(UK) SHOES KIDS,7,UK7＊在庫確認願います＊/15cm
(UK) SHOES KIDS,8,UK8＊在庫確認願います＊/15.5cm
(UK) SHOES KIDS,8.5,UK8.5＊在庫確認願います＊/16cm
(UK) SHOES KIDS,9,UK9＊在庫確認願います＊/16cm
(USA),14.5,14.5インチ＊在庫確認願います＊/XS以下
(USA),15,15インチ＊在庫確認願います＊/S
(USA),15.5,15.5インチ＊在庫確認願います＊/M
(USA),15.75,15.75インチ＊在庫確認願います＊/L
(USA),16,16インチ＊在庫確認願います＊/XL以上
(USA),16.5,16.5インチ＊在庫確認願います＊/XL以上
(USA),17,17インチ＊在庫確認願います＊/XL以上
(USA),17.5,17.5インチ＊在庫確認願います＊/XL以上
(Yohji Yamamoto) SHOES,2,2＊在庫確認願います＊/24cm
(Yohji Yamamoto) SHOES,3,3＊在庫確認願います＊/25cm
(Yohji Yamamoto) SHOES,4,4＊在庫確認願います＊/26cm
(Yohji Yamamoto) SHOES,5,5＊在庫確認願います＊/27cm
(Yohji Yamamoto) SHOES,6,6＊在庫確認願います＊/28cm
(Yohji Yamamoto) SHOES,7,7＊在庫確認願います＊/29cm以上
BRACELET,L,L＊在庫確認願います＊/指定なし
BRACELET,M,M＊在庫確認願います＊/指定なし
BRACELET,S,S＊在庫確認願います＊/指定なし
CAP (Centimeters),57,57＊在庫確認願います＊/指定なし
CAP (Centimeters),58,58＊在庫確認願います＊/指定なし
CAP (Centimeters),59,59＊在庫確認願います＊/指定なし
CAP (Centimeters),60,60＊在庫確認願います＊/指定なし
CHLOE SHOES WOMEN,34,FR34＊在庫確認願います＊/21cm以下
CHLOE SHOES WOMEN,34.5,FR34.5＊在庫確認願います＊/21.5cm
CHLOE SHOES WOMEN,35,FR35＊在庫確認願います＊/22cm
CHLOE SHOES WOMEN,35.5,FR35.5＊在庫確認願います＊/22.5cm
CHLOE SHOES WOMEN,36,FR36＊在庫確認願います＊/23cm
CHLOE SHOES WOMEN,36.5,FR36.5＊在庫確認願います＊/23.5cm
CHLOE SHOES WOMEN,37,FR37＊在庫確認願います＊/24cm
CHLOE SHOES WOMEN,37.5,FR37.5＊在庫確認願います＊/24.5cm
CHLOE SHOES WOMEN,38,FR38＊在庫確認願います＊/25cm
CHLOE SHOES WOMEN,38.5,FR38.5＊在庫確認願います＊/25.5cm
CHLOE SHOES WOMEN,39,FR39＊在庫確認願います＊/26cm
CHLOE SHOES WOMEN,39.5,FR39.5＊在庫確認願います＊/26.5cm
CHLOE SHOES WOMEN,40,FR40＊在庫確認願います＊/27cm以上
CHLOE SHOES WOMEN,40.5,FR40.5＊在庫確認願います＊/27cm以上
CHLOE SHOES WOMEN,41,FR41＊在庫確認願います＊/27cm以上
CHLOE SHOES WOMEN,41.5,FR41.5＊在庫確認願います＊/27cm以上
CHLOE SHOES WOMEN,42,FR42＊在庫確認願います＊/27cm以上
CHLOE SHOES WOMEN,42.5,FR42.527cm以上
CHLOE SHOES WOMEN,43,FR43＊在庫確認願います＊/27cm以上
Clothing Standard,2XL,2XL＊在庫確認願います＊/XL以上
Clothing Standard,L,L＊在庫確認願います＊/L
Clothing Standard,M,M＊在庫確認願います＊/M
Clothing Standard,S,S＊在庫確認願います＊/S
Clothing Standard,XL,XL＊在庫確認願います＊/XL以上
Clothing Standard,XS,XS＊在庫確認願います＊/XS以下
Clothing Standard,XXL,XXL＊在庫確認願います＊/XL以上
Clothing Standard,XXS,XXS＊在庫確認願います＊/XS以下
Clothing Standard,XXXL,XXXL＊在庫確認願います＊/XL以上
Clothing Standard,XXXS,XXXS＊在庫確認願います＊/XS以下
DG MEN SWIMWEAR,3,3▲要在庫確認/S
DG MEN SWIMWEAR,4,4▲要在庫確認/M
DG MEN SWIMWEAR,5,5▲要在庫確認/L
DG MEN SWIMWEAR,6,6▲要在庫確認/XL以上
DG MEN SWIMWEAR,7,7▲要在庫確認/XL以上
FERRAGAMO US SHOES WOMEN,10,US10＊在庫確認願います＊/27cm以上
FERRAGAMO US SHOES WOMEN,4,US4＊在庫確認願います＊/21.5cm
FERRAGAMO US SHOES WOMEN,4.5,US4.5＊在庫確認願います＊/22cm
FERRAGAMO US SHOES WOMEN,5,US5＊在庫確認願います＊/22.5cm
FERRAGAMO US SHOES WOMEN,5.5,US5.5＊在庫確認願います＊/23cm
FERRAGAMO US SHOES WOMEN,6,US6＊在庫確認願います＊/23.5cm
FERRAGAMO US SHOES WOMEN,6.5,US6.5＊在庫確認願います＊/24cm
FERRAGAMO US SHOES WOMEN,7,US7＊在庫確認願います＊/24.5cm
FERRAGAMO US SHOES WOMEN,7.5,US7.5＊在庫確認願います＊/25cm
FERRAGAMO US SHOES WOMEN,8,US8＊在庫確認願います＊/25.5cm
FERRAGAMO US SHOES WOMEN,8.5,US8.5＊在庫確認願います＊/26cm
FERRAGAMO US SHOES WOMEN,9,US9＊在庫確認願います＊/26.5cm
FERRAGAMO US SHOES WOMEN,9.5,US9.5＊在庫確認願います＊/27cm以上
FR MEN,38,FR38＊在庫確認願います＊/S
FR MEN,40,FR40＊在庫確認願います＊/M
FR MEN,42,FR42＊在庫確認願います＊/L
FR MEN,44,FR44＊在庫確認願います＊/XL以上
FR WOMEN,32,FR32＊在庫確認願います＊/XS以下
FR WOMEN,34,FR34＊在庫確認願います＊/XS以下
FR WOMEN,36,FR36＊在庫確認願います＊/S
FR WOMEN,38,FR38＊在庫確認願います＊/M
FR WOMEN,40,FR40＊在庫確認願います＊/L
FR WOMEN,42,FR42＊在庫確認願います＊/XL以上
FR WOMEN,44,FR44＊在庫確認願います＊/XL以上
FR WOMEN,46,FR46＊在庫確認願います＊/XL以上
FR WOMEN,48,FR48＊在庫確認願います＊/XL以上
France SHOES MEN,38,FR38＊在庫確認願います＊/23cm以下
France SHOES MEN,38.5,FR38.5＊在庫確認願います＊/23.5cm
France SHOES MEN,39,FR39＊在庫確認願います＊/24cm
France SHOES MEN,39.5,FR39.5＊在庫確認願います＊/24.5cm
France SHOES MEN,40,FR40＊在庫確認願います＊/25cm
France SHOES MEN,40.5,FR40.5＊在庫確認願います＊/25.5cm
France SHOES MEN,41,FR41＊在庫確認願います＊/26cm
France SHOES MEN,41.5,FR41.5＊在庫確認願います＊/26.5cm
France SHOES MEN,42,FR42＊在庫確認願います＊/27cm
France SHOES MEN,42.5,FR42.5＊在庫確認願います＊/27.5cm
France SHOES MEN,43,FR43＊在庫確認願います＊/28cm
France SHOES MEN,43.5,FR43.5＊在庫確認願います＊/28.5cm
France SHOES MEN,44,FR44＊在庫確認願います＊/29cm以上
France SHOES MEN,44.5,FR44.5＊在庫確認願います＊/29cm以上
France SHOES MEN,45,FR45＊在庫確認願います＊/29cm以上
France SHOES MEN,45.5,FR45.5＊在庫確認願います＊/29cm以上
France SHOES MEN,46,FR46＊在庫確認願います＊/29cm以上
France SHOES MEN,47,FR47＊在庫確認願います＊/29cm以上
France SHOES WOMEN,34,FR34＊在庫確認願います＊/21cm以下
France SHOES WOMEN,34.5,FR34.5＊在庫確認願います＊/21cm以下
France SHOES WOMEN,35,FR35＊在庫確認願います＊/21cm以下
France SHOES WOMEN,35.5,FR35.5＊在庫確認願います＊/21.5cm
France SHOES WOMEN,36,FR36＊在庫確認願います＊/22cm
France SHOES WOMEN,36.5,FR36.5＊在庫確認願います＊/22.5cm
France SHOES WOMEN,37,FR37＊在庫確認願います＊/23cm
France SHOES WOMEN,37.5,FR37.5＊在庫確認願います＊/23.5cm
France SHOES WOMEN,38,FR38＊在庫確認願います＊/24cm
France SHOES WOMEN,38.5,FR38.5＊在庫確認願います＊/24.5cm
France SHOES WOMEN,39,FR39＊在庫確認願います＊/25cm
France SHOES WOMEN,39.5,FR39.5＊在庫確認願います＊/25.5cm
France SHOES WOMEN,40,FR40＊在庫確認願います＊/26cm
France SHOES WOMEN,40.5,FR40.5＊在庫確認願います＊/26.5cm
France SHOES WOMEN,41,FR41＊在庫確認願います＊/27cm以上
France SHOES WOMEN,41.5,FR41.5＊在庫確認願います＊/27cm以上
France SHOES WOMEN,42,FR42＊在庫確認願います＊/27cm以上
France SHOES WOMEN,42.5,FR42.527cm以上
France SHOES WOMEN,43,FR43＊在庫確認願います＊/27cm以上
GUCCI SHOES MEN,10,10＊在庫確認願います＊/28.5cm
GUCCI SHOES MEN,10.5,10.5＊在庫確認願います＊/29cm以上
GUCCI SHOES MEN,11,11＊在庫確認願います＊/29cm以上
GUCCI SHOES MEN,3.5,3.5＊在庫確認願います＊/23cm以下
GUCCI SHOES MEN,4,4＊在庫確認願います＊/23cm以下
GUCCI SHOES MEN,4.5,4.5＊在庫確認願います＊/23cm以下
GUCCI SHOES MEN,5,5＊在庫確認願います＊/23.5cm
GUCCI SHOES MEN,5.5,5.5＊在庫確認願います＊/24cm
GUCCI SHOES MEN,6,6＊在庫確認願います＊/24.5cm
GUCCI SHOES MEN,6.5,6.5＊在庫確認願います＊/25cm
GUCCI SHOES MEN,7,7＊在庫確認願います＊/25.5cm
GUCCI SHOES MEN,7.5,7.5＊在庫確認願います＊/26cm
GUCCI SHOES MEN,8,8＊在庫確認願います＊/26.5cm
GUCCI SHOES MEN,8.5,8.5＊在庫確認願います＊/27cm
GUCCI SHOES MEN,9,9＊在庫確認願います＊/27.5cm
GUCCI SHOES MEN,9.5,9.5＊在庫確認願います＊/28cm
HAT,56,56＊在庫確認願います＊/指定なし
HAT,57,57＊在庫確認願います＊/指定なし
HAT,58,58＊在庫確認願います＊/指定なし
HAT,59,59＊在庫確認願います＊/指定なし
HAT,60,60＊在庫確認願います＊/指定なし
HAT (Centimeters),56,56＊在庫確認願います＊/指定なし
HAT (Centimeters),57,57＊在庫確認願います＊/指定なし
HAT (Centimeters),58,58＊在庫確認願います＊/指定なし
HAT (Centimeters),59,59＊在庫確認願います＊/指定なし
HAT (Centimeters),60,60＊在庫確認願います＊/指定なし
ISABEL MARANT SHOES WOMEN,34,FR34＊在庫確認願います＊/21cm以下
ISABEL MARANT SHOES WOMEN,34.5,FR34.5＊在庫確認願います＊/21.5cm
ISABEL MARANT SHOES WOMEN,35,FR35＊在庫確認願います＊/22cm
ISABEL MARANT SHOES WOMEN,35.5,FR35.5＊在庫確認願います＊/22.5cm
ISABEL MARANT SHOES WOMEN,36,FR36＊在庫確認願います＊/23cm
ISABEL MARANT SHOES WOMEN,36.5,FR36.5＊在庫確認願います＊/23.5cm
ISABEL MARANT SHOES WOMEN,37,FR37＊在庫確認願います＊/24cm
ISABEL MARANT SHOES WOMEN,37.5,FR37.5＊在庫確認願います＊/24.5cm
ISABEL MARANT SHOES WOMEN,38,FR38＊在庫確認願います＊/25cm
ISABEL MARANT SHOES WOMEN,38.5,FR38.5＊在庫確認願います＊/25.5cm
ISABEL MARANT SHOES WOMEN,39,FR39＊在庫確認願います＊/26cm
ISABEL MARANT SHOES WOMEN,39.5,FR39.5＊在庫確認願います＊/26.5cm
ISABEL MARANT SHOES WOMEN,40,FR40＊在庫確認願います＊/27cm以上
ISABEL MARANT SHOES WOMEN,40.5,FR40.5＊在庫確認願います＊/27cm以上
ISABEL MARANT SHOES WOMEN,41,FR41＊在庫確認願います＊/27cm以上
ISABEL MARANT SHOES WOMEN,41.5,FR41.5＊在庫確認願います＊/27cm以上
ISABEL MARANT SHOES WOMEN,42,FR42＊在庫確認願います＊/27cm以上
ISABEL MARANT SHOES WOMEN,42.5,FR42.527cm以上
ISABEL MARANT SHOES WOMEN,43,FR43＊在庫確認願います＊/27cm以上
ITA/EU neck,38,38＊在庫確認願います＊/XS以下
ITA/EU neck,39,39＊在庫確認願います＊/S
ITA/EU neck,40,40＊在庫確認願います＊/M
ITA/EU neck,41,41＊在庫確認願います＊/L
ITA/EU neck,42,42＊在庫確認願います＊/XL以上
ITA/EU neck,43,43＊在庫確認願います＊/XL以上
ITA/EU neck,44,44＊在庫確認願います＊/XL以上
Italy MEN,40,IT40＊在庫確認願います＊/XS以下
Italy MEN,42,IT42＊在庫確認願います＊/XS以下
Italy MEN,44,IT44＊在庫確認願います＊/XS以下
Italy MEN,46,IT46＊在庫確認願います＊/S
Italy MEN,48,IT48＊在庫確認願います＊/M
Italy MEN,50,IT50＊在庫確認願います＊/L
Italy MEN,52,IT52＊在庫確認願います＊/XL以上
Italy MEN,54,IT54＊在庫確認願います＊/XL以上
Italy MEN,56,IT56＊在庫確認願います＊/XL以上
Italy MEN,58,IT58＊在庫確認願います＊/XL以上
Italy SHOES MEN,38,IT38＊在庫確認願います＊/23cm以下
Italy SHOES MEN,38.5,IT38.5＊在庫確認願います＊/23.5cm
Italy SHOES MEN,39,IT39＊在庫確認願います＊/24cm
Italy SHOES MEN,39.5,IT39.5＊在庫確認願います＊/24.5cm
Italy SHOES MEN,40,IT40＊在庫確認願います＊/25cm
Italy SHOES MEN,40.5,IT40.5＊在庫確認願います＊/25.5cm
Italy SHOES MEN,41,IT41＊在庫確認願います＊/26cm
Italy SHOES MEN,41.5,IT41.5＊在庫確認願います＊/26.5cm
Italy SHOES MEN,41½,IT41.5＊在庫確認願います＊/26.5cm
Italy SHOES MEN,42,IT42＊在庫確認願います＊/27cm
Italy SHOES MEN,42.5,IT42.5＊在庫確認願います＊/27.5cm
Italy SHOES MEN,42½,IT42.5＊在庫確認願います＊/27.5cm
Italy SHOES MEN,43,IT43＊在庫確認願います＊/28cm
Italy SHOES MEN,43.5,IT43.5＊在庫確認願います＊/28.5cm
Italy SHOES MEN,43½,IT43.5＊在庫確認願います＊/28.5cm
Italy SHOES MEN,44,IT44＊在庫確認願います＊/29cm以上
Italy SHOES MEN,44.5,IT44.5＊在庫確認願います＊/29cm以上
Italy SHOES MEN,45,IT45＊在庫確認願います＊/29cm以上
Italy SHOES MEN,45.5,IT45.5＊在庫確認願います＊/29cm以上
Italy SHOES MEN,46,IT46＊在庫確認願います＊/29cm以上
Italy SHOES WOMEN,34,IT34＊在庫確認願います＊/21cm以下
Italy SHOES WOMEN,34.5,IT34.5＊在庫確認願います＊/21.5cm
Italy SHOES WOMEN,35,IT35＊在庫確認願います＊/22cm
Italy SHOES WOMEN,35.5,IT35.5＊在庫確認願います＊/22.5cm
Italy SHOES WOMEN,35½,IT35.5＊在庫確認願います＊/22.5cm
Italy SHOES WOMEN,36,IT36＊在庫確認願います＊/23cm
Italy SHOES WOMEN,36.5,IT36.5＊在庫確認願います＊/23.5cm
Italy SHOES WOMEN,36½,IT36.5＊在庫確認願います＊/23.5cm
Italy SHOES WOMEN,37,IT37＊在庫確認願います＊/24cm
Italy SHOES WOMEN,37.5,IT37.5＊在庫確認願います＊/24.5cm
Italy SHOES WOMEN,37½,IT37.5＊在庫確認願います＊/24.5cm
Italy SHOES WOMEN,38,IT38＊在庫確認願います＊/25cm
Italy SHOES WOMEN,38.5,IT38.5＊在庫確認願います＊/25.5cm
Italy SHOES WOMEN,38½,IT38.5＊在庫確認願います＊/25.5cm
Italy SHOES WOMEN,39,IT39＊在庫確認願います＊/26cm
Italy SHOES WOMEN,39.5,IT39.5＊在庫確認願います＊/26.5cm
Italy SHOES WOMEN,40,IT40＊在庫確認願います＊/27cm以上
Italy SHOES WOMEN,40.5,IT40.5＊在庫確認願います＊/27cm以上
Italy SHOES WOMEN,41,IT41＊在庫確認願います＊/27cm以上
Italy SHOES WOMEN,41.5,IT41.5＊在庫確認願います＊/27cm以上
Italy SHOES WOMEN,42,IT42＊在庫確認願います＊/27cm以上
Italy SHOES WOMEN,42.5,IT42.527cm以上
Italy SHOES WOMEN,43,IT43＊在庫確認願います＊/27cm以上
Italy WOMEN,34,IT34＊在庫確認願います＊/XS以下
Italy WOMEN,36,IT36＊在庫確認願います＊/XS以下
Italy WOMEN,38,IT38＊在庫確認願います＊/XS以下
Italy WOMEN,40,IT40＊在庫確認願います＊/S
Italy WOMEN,42,IT42＊在庫確認願います＊/M
Italy WOMEN,44,IT44＊在庫確認願います＊/L
Italy WOMEN,46,IT46＊在庫確認願います＊/XL以上
Italy WOMEN,48,IT48＊在庫確認願います＊/XL以上
Italy WOMEN,50,IT50＊在庫確認願います＊/XL以上
Italy WOMEN,52,IT52＊在庫確認願います＊/XL以上
Italy WOMEN,54,IT54＊在庫確認願います＊/XL以上
ITALY WOMEN BELT,38,38＊在庫確認願います＊/指定なし
ITALY WOMEN BELT,40,40＊在庫確認願います＊/指定なし
ITALY WOMEN BELT,42,42＊在庫確認願います＊/指定なし
ITALY WOMEN BELT,44,44＊在庫確認願います＊/指定なし
ITALY WOMEN BELT,46,46＊在庫確認願います＊/指定なし
Italy/France,40,40＊在庫確認願います＊/XS以下
Italy/France,42,42＊在庫確認願います＊/XS以下
Italy/France,44,44＊在庫確認願います＊/XS以下
Italy/France,46,46＊在庫確認願います＊/S
Italy/France,48,48＊在庫確認願います＊/M
Italy/France,50,50＊在庫確認願います＊/L
Italy/France,52,52＊在庫確認願います＊/XL以上
Italy/France,54,54＊在庫確認願います＊/XL以上
Italy/France,56,56＊在庫確認願います＊/XL以上
Italy/France,58,58＊在庫確認願います＊/XL以上
Japan,0,JP0＊在庫確認願います＊/XS以下
Japan,1,JP1＊在庫確認願います＊/XS以下
Japan,2,JP2＊在庫確認願います＊/S
Japan,3,JP3＊在庫確認願います＊/M
Japan,4,JP4＊在庫確認願います＊/L
Japan,5,JP5＊在庫確認願います＊/XL以上
Japan,6,JP6＊在庫確認願います＊/XL以上
Japan,7,JP7＊在庫確認願います＊/XL以上
KENZO SHOES MEN,39,FR39＊在庫確認願います＊/23cm以下
KENZO SHOES MEN,39.5,FR39.5＊在庫確認願います＊/23.5cm
KENZO SHOES MEN,40,FR40＊在庫確認願います＊/24cm
KENZO SHOES MEN,40.5,FR40.5＊在庫確認願います＊/24.5cm
KENZO SHOES MEN,41,FR41＊在庫確認願います＊/25cm
KENZO SHOES MEN,41.5,FR41.5＊在庫確認願います＊/25.5cm
KENZO SHOES MEN,42,FR42＊在庫確認願います＊/26cm
KENZO SHOES MEN,42.5,FR42.5＊在庫確認願います＊/26.5cm
KENZO SHOES MEN,43,FR43＊在庫確認願います＊/27cm
KENZO SHOES MEN,43.5,FR43.5＊在庫確認願います＊/27.5cm
KENZO SHOES MEN,44,FR44＊在庫確認願います＊/28cm
KENZO SHOES MEN,44.5,FR44.5＊在庫確認願います＊/28.5cm
KENZO SHOES MEN,45,FR45＊在庫確認願います＊/29cm以上
PRADA SHOES MEN,10,10＊在庫確認願います＊/29cm以上
PRADA SHOES MEN,10.5,10.5＊在庫確認願います＊/29cm以上
PRADA SHOES MEN,11,11＊在庫確認願います＊/29cm以上
PRADA SHOES MEN,5,5＊在庫確認願います＊/24cm
PRADA SHOES MEN,5.5,5.5＊在庫確認願います＊/24.5cm
PRADA SHOES MEN,6,6＊在庫確認願います＊/25cm
PRADA SHOES MEN,6.5,6.5＊在庫確認願います＊/25.5cm
PRADA SHOES MEN,7,7＊在庫確認願います＊/26cm
PRADA SHOES MEN,7.5,7.5＊在庫確認願います＊/26.5cm
PRADA SHOES MEN,8,8＊在庫確認願います＊/27cm
PRADA SHOES MEN,8.5,8.5＊在庫確認願います＊/27.5cm
PRADA SHOES MEN,9,9＊在庫確認願います＊/28cm
PRADA SHOES MEN,9.5,9.5＊在庫確認願います＊/28.5cm
RING,10,10＊在庫確認願います＊/指定なし
RING,11,11＊在庫確認願います＊/指定なし
RING,13,13＊在庫確認願います＊/指定なし
RING,15,15＊在庫確認願います＊/指定なし
RING,17,17＊在庫確認願います＊/指定なし
RING,19,19＊在庫確認願います＊/指定なし
RING,21,21＊在庫確認願います＊/指定なし
RING,23,23＊在庫確認願います＊/指定なし
RING,61,61＊在庫確認願います＊/指定なし
RING,64,64＊在庫確認願います＊/指定なし
RING(Circumference mm),50,50＊在庫確認願います＊/指定なし
RING(Circumference mm),51,51＊在庫確認願います＊/指定なし
RING(Circumference mm),52,52＊在庫確認願います＊/指定なし
RING(Circumference mm),53,53＊在庫確認願います＊/指定なし
RING(Circumference mm),54,54＊在庫確認願います＊/指定なし
RING(Circumference mm),55,55＊在庫確認願います＊/指定なし
Roman Numeric,0,0＊在庫確認願います＊/XS以下
Roman Numeric,1,1＊在庫確認願います＊/XS以下
Roman Numeric,1/I,1＊在庫確認願います＊/XS以下
Roman Numeric,2,2＊在庫確認願います＊/S
Roman Numeric,2/II,2＊在庫確認願います＊/S
Roman Numeric,3,3＊在庫確認願います＊/M
Roman Numeric,3/III,3＊在庫確認願います＊/M
Roman Numeric,4,4＊在庫確認願います＊/L
Roman Numeric,4/IV,4＊在庫確認願います＊/L
Roman Numeric,5,5＊在庫確認願います＊/XL以上
Roman Numeric,I,I＊在庫確認願います＊/S
Roman Numeric,II,II＊在庫確認願います＊/M
Roman Numeric,III,III＊在庫確認願います＊/L
Roman Numeric,IV,IV＊在庫確認願います＊/XL以上
Roman Numeric,V,V＊在庫確認願います＊/XL以上
Roman Numeric,VI,VI＊在庫確認願います＊/XL以上
Roman Numeric,VII,VII＊在庫確認願います＊/XL以上
SOCKS,I,I＊在庫確認願います＊/指定なし
SOCKS,II,II＊在庫確認願います＊/指定なし
SOCKS,III,III＊在庫確認願います＊/指定なし
Standard sizing,L,L＊在庫確認願います＊/指定なし
Standard sizing,L-XL,L-XL＊在庫確認願います＊/指定なし
Standard sizing,M,M＊在庫確認願います＊/指定なし
Standard sizing,M-L,M-L＊在庫確認願います＊/指定なし
Standard sizing,S,S＊在庫確認願います＊/指定なし
Standard sizing,S-M,S-M＊在庫確認願います＊/指定なし
Standard sizing,XL,XL＊在庫確認願います＊/指定なし
Standard sizing,XS,XS＊在庫確認願います＊/指定なし
Standard sizing,XXL,XXL＊在庫確認願います＊/指定なし
Standard sizing,XXXL,XXXL＊在庫確認願います＊/指定なし
UK PANTS MEN,28,UK28＊在庫確認願います＊/XS以下
UK PANTS MEN,30,UK30＊在庫確認願います＊/S
UK PANTS MEN,32,UK32＊在庫確認願います＊/M
UK PANTS MEN,34,UK34＊在庫確認願います＊/L
UK PANTS MEN,36,UK36＊在庫確認願います＊/XL以上
UK PANTS MEN,38,UK38＊在庫確認願います＊/XL以上
UK PANTS MEN,40,UK40＊在庫確認願います＊/XL以上
UK SHOES MEN,10,UK10＊在庫確認願います＊/29cm以上
UK SHOES MEN,10.5,UK10.5＊在庫確認願います＊/29cm以上
UK SHOES MEN,11,UK11＊在庫確認願います＊/29cm以上
UK SHOES MEN,11.5,UK11.5＊在庫確認願います＊/29cm以上
UK SHOES MEN,12,UK12＊在庫確認願います＊/29cm以上
UK SHOES MEN,12.5,UK12.5＊在庫確認願います＊/29cm以上
UK SHOES MEN,13,UK13＊在庫確認願います＊/29cm以上
UK SHOES MEN,2,UK2＊在庫確認願います＊/23cm以下
UK SHOES MEN,2.5,UK2.5＊在庫確認願います＊/23cm以下
UK SHOES MEN,3,UK3＊在庫確認願います＊/23cm以下
UK SHOES MEN,3.5,UK3.5＊在庫確認願います＊/23cm以下
UK SHOES MEN,4,UK4＊在庫確認願います＊/23cm以下
UK SHOES MEN,4.5,UK4.5＊在庫確認願います＊/23.5cm
UK SHOES MEN,5,UK5＊在庫確認願います＊/24cm
UK SHOES MEN,5.5,UK5.5＊在庫確認願います＊/24.5cm
UK SHOES MEN,6,UK6＊在庫確認願います＊/25cm
UK SHOES MEN,6.5,UK6.5＊在庫確認願います＊/25.5cm
UK SHOES MEN,7,UK7＊在庫確認願います＊/26cm
UK SHOES MEN,7.5,UK7.5＊在庫確認願います＊/26.5cm
UK SHOES MEN,8,UK8＊在庫確認願います＊/27cm
UK SHOES MEN,8.5,UK8.5＊在庫確認願います＊/27.5cm
UK SHOES MEN,9,UK9＊在庫確認願います＊/28cm
UK SHOES MEN,9.5,UK9.5＊在庫確認願います＊/28.5cm
UK SHOES WOMEN,10,UK10＊在庫確認願います＊/27cm以上
UK SHOES WOMEN,10.5,UK10.5＊在庫確認願います＊/27cm以上
UK SHOES WOMEN,11,UK11＊在庫確認願います＊/27cm以上
UK SHOES WOMEN,11.5,UK11.5＊在庫確認願います＊/27cm以上
UK SHOES WOMEN,12,UK12＊在庫確認願います＊/27cm以上
UK SHOES WOMEN,12.5,UK12.5＊在庫確認願います＊/27cm以上
UK SHOES WOMEN,13,UK13＊在庫確認願います＊/27cm以上
UK SHOES WOMEN,2,UK2＊在庫確認願います＊/21cm以下
UK SHOES WOMEN,2.5,UK2.5＊在庫確認願います＊/21cm以下
UK SHOES WOMEN,3,UK3＊在庫確認願います＊/21.5cm
UK SHOES WOMEN,3.5,UK3.5＊在庫確認願います＊/22cm
UK SHOES WOMEN,4,UK4＊在庫確認願います＊/22.5cm
UK SHOES WOMEN,4.5,UK4.5＊在庫確認願います＊/23cm
UK SHOES WOMEN,5,UK5＊在庫確認願います＊/23.5cm
UK SHOES WOMEN,5.5,UK5.5＊在庫確認願います＊/24cm
UK SHOES WOMEN,6,UK6＊在庫確認願います＊/24.5cm
UK SHOES WOMEN,6.5,UK6.5＊在庫確認願います＊/25cm
UK SHOES WOMEN,7,UK7＊在庫確認願います＊/25.5cm
UK SHOES WOMEN,7.5,UK7.5＊在庫確認願います＊/26cm
UK SHOES WOMEN,8,UK8＊在庫確認願います＊/26.5cm
UK SHOES WOMEN,8.5,UK8.5＊在庫確認願います＊/27cm以上
UK SHOES WOMEN,9,UK9＊在庫確認願います＊/27cm以上
UK SHOES WOMEN,9.5,UK9.5＊在庫確認願います＊/27cm以上
UK WOMEN,10,UK10＊在庫確認願います＊/M
UK WOMEN,12,UK12＊在庫確認願います＊/L
UK WOMEN,14,UK14＊在庫確認願います＊/XL以上
UK WOMEN,16,UK16＊在庫確認願います＊/XL以上
UK WOMEN,18,UK18＊在庫確認願います＊/XL以上
UK WOMEN,4,UK4＊在庫確認願います＊/XS以下
UK WOMEN,6,UK6＊在庫確認願います＊/XS以下
UK WOMEN,8,UK8＊在庫確認願います＊/S
UNI,UNI,＊在庫確認をお願いします＊/指定なし
US SHOES MEN,10,US10＊在庫確認願います＊/28cm
US SHOES MEN,10.5,US10.5＊在庫確認願います＊/28.5cm
US SHOES MEN,11,US11＊在庫確認願います＊/29cm以上
US SHOES MEN,11.5,US11.5＊在庫確認願います＊/29cm以上
US SHOES MEN,12,US12＊在庫確認願います＊/29cm以上
US SHOES MEN,12.5,US12.5＊在庫確認願います＊/29cm以上
US SHOES MEN,13,US13＊在庫確認願います＊/29cm以上
US SHOES MEN,13.5,US13.5＊在庫確認願います＊/29cm以上
US SHOES MEN,14,US14＊在庫確認願います＊/29cm以上
US SHOES MEN,4,US4＊在庫確認願います＊/23cm以下
US SHOES MEN,4.5,US4.5＊在庫確認願います＊/23cm以下
US SHOES MEN,5,US5＊在庫確認願います＊/23cm以下
US SHOES MEN,5.5,US5.5＊在庫確認願います＊/23.5cm
US SHOES MEN,6,US6＊在庫確認願います＊/24cm
US SHOES MEN,6.5,US6.5＊在庫確認願います＊/24.5cm
US SHOES MEN,7,US7＊在庫確認願います＊/25cm
US SHOES MEN,7.5,US7.5＊在庫確認願います＊/25.5cm
US SHOES MEN,8,US8＊在庫確認願います＊/26cm
US SHOES MEN,8.5,US8.5＊在庫確認願います＊/26.5cm
US SHOES MEN,9,US9＊在庫確認願います＊/27cm
US SHOES MEN,9.5,US9.5＊在庫確認願います＊/27.5cm
US SHOES WOMEN,10,US10＊在庫確認願います＊/27cm以上
US SHOES WOMEN,10.5,US10.5＊在庫確認願います＊/27cm以上
US SHOES WOMEN,11,US11＊在庫確認願います＊/27cm以上
US SHOES WOMEN,11.5,US11.5＊在庫確認願います＊/27cm以上
US SHOES WOMEN,12,US12＊在庫確認願います＊/27cm以上
US SHOES WOMEN,4,US4＊在庫確認願います＊/21.5cm以下
US SHOES WOMEN,4.5,US4.5＊在庫確認願います＊/22cm
US SHOES WOMEN,5,US5＊在庫確認願います＊/22.5cm
US SHOES WOMEN,5.5,US5.5＊在庫確認願います＊/23cm
US SHOES WOMEN,6,US6＊在庫確認願います＊/23.5cm
US SHOES WOMEN,6.5,US6.5＊在庫確認願います＊/24cm
US SHOES WOMEN,7,US7＊在庫確認願います＊/24.5cm
US SHOES WOMEN,7.5,US7.5＊在庫確認願います＊/25cm
US SHOES WOMEN,8,US8＊在庫確認願います＊/25.5cm
US SHOES WOMEN,8.5,US8.5＊在庫確認願います＊/26cm
US SHOES WOMEN,9,US9＊在庫確認願います＊/26.5cm
US SHOES WOMEN,9.5,US9.5＊在庫確認願います＊/27cm以上
US WOMEN,0,US0＊在庫確認願います＊/XS以下
US WOMEN,10,US10＊在庫確認願います＊/XL以上
US WOMEN,12,US12＊在庫確認願います＊/XL以上
US WOMEN,14,US14＊在庫確認願います＊/XL以上
US WOMEN,16,US16＊在庫確認願います＊/XL以上
US WOMEN,2,US2＊在庫確認願います＊/XS以下
US WOMEN,4,US4＊在庫確認願います＊/S
US WOMEN,6,US6＊在庫確認願います＊/M
US WOMEN,8,US8＊在庫確認願います＊/L
WOMEN/SIZE (BELTS),100,100＊在庫確認願います＊/指定なし
WOMEN/SIZE (BELTS),105,105＊在庫確認願います＊/指定なし
WOMEN/SIZE (BELTS),70,70＊在庫確認願います＊/指定なし
WOMEN/SIZE (BELTS),75,75＊在庫確認願います＊/指定なし
WOMEN/SIZE (BELTS),80,80＊在庫確認願います＊/指定なし
WOMEN/SIZE (BELTS),85,85＊在庫確認願います＊/指定なし
WOMEN/SIZE (BELTS),90,90＊在庫確認願います＊/指定なし
WOMEN/SIZE (BELTS),95,95＊在庫確認願います＊/指定なし