keyword,supplementation
○,"＊＊＊＊＊＊＊＊＊＊＊＊＊＊＊＊＊＊＊＊＊＊＊＊＊＊＊
サイズによっては完売し値段が変わる場合がありますので、
ご注文前に在庫有無をお問い合わせ下さいませ。
＊＊＊＊＊＊＊＊＊＊＊＊＊＊＊＊＊＊＊＊＊＊＊＊＊＊＊




『※上記参考価格は現地参考価格を1ユーロ＝130円で換算したものです。』"
Carry Over,"＊＊＊＊＊＊＊＊＊＊＊＊＊＊＊＊＊＊＊＊＊＊＊＊＊＊＊
サイズによっては完売し値段が変わる場合がありますので、
ご注文前に在庫有無をお問い合わせ下さいませ。
＊＊＊＊＊＊＊＊＊＊＊＊＊＊＊＊＊＊＊＊＊＊＊＊＊＊＊




『※上記参考価格は現地参考価格を1ユーロ＝130円で換算したものです。』"
Fall  Winter 18/19,"＊＊＊＊＊＊＊＊＊＊＊＊＊＊＊＊＊＊＊＊＊＊＊＊＊＊＊
サイズによっては完売し値段が変わる場合がありますので、
ご注文前に在庫有無をお問い合わせ下さいませ。
＊＊＊＊＊＊＊＊＊＊＊＊＊＊＊＊＊＊＊＊＊＊＊＊＊＊＊




『※上記参考価格は現地参考価格を1ユーロ＝130円で換算したものです。』"
Fall Winter 19/20,"＊＊＊＊＊＊＊＊＊＊＊＊＊＊＊＊＊＊＊＊＊＊＊＊＊＊＊
サイズによっては完売し値段が変わる場合がありますので、
ご注文前に在庫有無をお問い合わせ下さいませ。
＊＊＊＊＊＊＊＊＊＊＊＊＊＊＊＊＊＊＊＊＊＊＊＊＊＊＊




『※上記参考価格は現地参考価格を1ユーロ＝130円で換算したものです。』"
Spring Summer 19,"＊＊＊＊＊＊＊＊＊＊＊＊＊＊＊＊＊＊＊＊＊＊＊＊＊＊＊
サイズによっては完売し値段が変わる場合がありますので、
ご注文前に在庫有無をお問い合わせ下さいませ。
＊＊＊＊＊＊＊＊＊＊＊＊＊＊＊＊＊＊＊＊＊＊＊＊＊＊＊




『※上記参考価格は現地参考価格を1ユーロ＝130円で換算したものです。』"
Spring Summer 20,"＊＊＊＊＊＊＊＊＊＊＊＊＊＊＊＊＊＊＊＊＊＊＊＊＊＊＊
サイズによっては完売し値段が変わる場合がありますので、
ご注文前に在庫有無をお問い合わせ下さいませ。
＊＊＊＊＊＊＊＊＊＊＊＊＊＊＊＊＊＊＊＊＊＊＊＊＊＊＊




『※上記参考価格は現地参考価格を1ユーロ＝130円で換算したものです。』"
セール1,"＊＊＊＊＊＊＊＊＊＊＊＊＊＊＊＊＊＊＊＊＊＊＊＊＊＊＊
サイズによっては完売し値段が変わる場合がありますので、
ご注文前に在庫有無をお問い合わせ下さいませ。
＊＊＊＊＊＊＊＊＊＊＊＊＊＊＊＊＊＊＊＊＊＊＊＊＊＊＊
♪SALE ♪SALE ♪SALE



『※上記参考価格は現地参考価格を1ユーロ＝130円で換算したものです。』"
セール2,"＊＊＊＊＊＊＊＊＊＊＊＊＊＊＊＊＊＊＊＊＊＊＊＊＊＊＊
サイズによっては完売し値段が変わる場合がありますので、
ご注文前に在庫有無をお問い合わせ下さいませ。
＊＊＊＊＊＊＊＊＊＊＊＊＊＊＊＊＊＊＊＊＊＊＊＊＊＊＊
♪SALE ♪SALE ♪SALE



『※上記参考価格は現地参考価格を1ユーロ＝130円で換算したものです。』"
セール3,"＊＊＊＊＊＊＊＊＊＊＊＊＊＊＊＊＊＊＊＊＊＊＊＊＊＊＊
サイズによっては完売し値段が変わる場合がありますので、
ご注文前に在庫有無をお問い合わせ下さいませ。
＊＊＊＊＊＊＊＊＊＊＊＊＊＊＊＊＊＊＊＊＊＊＊＊＊＊＊
♪SALE ♪SALE ♪SALE



『※上記参考価格は現地参考価格を1ユーロ＝130円で換算したものです。』"
セール4,"＊＊＊＊＊＊＊＊＊＊＊＊＊＊＊＊＊＊＊＊＊＊＊＊＊＊＊
サイズによっては完売し値段が変わる場合がありますので、
ご注文前に在庫有無をお問い合わせ下さいませ。
＊＊＊＊＊＊＊＊＊＊＊＊＊＊＊＊＊＊＊＊＊＊＊＊＊＊＊
♪SALE ♪SALE ♪SALE



『※上記参考価格は現地参考価格を1ユーロ＝130円で換算したものです。』"
セール5,"＊＊＊＊＊＊＊＊＊＊＊＊＊＊＊＊＊＊＊＊＊＊＊＊＊＊＊
サイズによっては完売し値段が変わる場合がありますので、
ご注文前に在庫有無をお問い合わせ下さいませ。
＊＊＊＊＊＊＊＊＊＊＊＊＊＊＊＊＊＊＊＊＊＊＊＊＊＊＊
♪SALE ♪SALE ♪SALE



『※上記参考価格は現地参考価格を1ユーロ＝130円で換算したものです。』"
セール6,"＊＊＊＊＊＊＊＊＊＊＊＊＊＊＊＊＊＊＊＊＊＊＊＊＊＊＊
サイズによっては完売し値段が変わる場合がありますので、
ご注文前に在庫有無をお問い合わせ下さいませ。
＊＊＊＊＊＊＊＊＊＊＊＊＊＊＊＊＊＊＊＊＊＊＊＊＊＊＊
♪SALE ♪SALE ♪SALE



『※上記参考価格は現地参考価格を1ユーロ＝130円で換算したものです。』"
セール7,"＊＊＊＊＊＊＊＊＊＊＊＊＊＊＊＊＊＊＊＊＊＊＊＊＊＊＊
サイズによっては完売し値段が変わる場合がありますので、
ご注文前に在庫有無をお問い合わせ下さいませ。
＊＊＊＊＊＊＊＊＊＊＊＊＊＊＊＊＊＊＊＊＊＊＊＊＊＊＊
♪SALE ♪SALE ♪SALE



『※上記参考価格は現地参考価格を1ユーロ＝130円で換算したものです。』"
セール8,"＊＊＊＊＊＊＊＊＊＊＊＊＊＊＊＊＊＊＊＊＊＊＊＊＊＊＊
サイズによっては完売し値段が変わる場合がありますので、
ご注文前に在庫有無をお問い合わせ下さいませ。
＊＊＊＊＊＊＊＊＊＊＊＊＊＊＊＊＊＊＊＊＊＊＊＊＊＊＊
♪SALE ♪SALE ♪SALE



『※上記参考価格は現地参考価格を1ユーロ＝130円で換算したものです。』"